session_id,ts,event,is_synthetic
MESSA_breakfast_2026-09-26,2026-09-26 08:32:47,SERVED,0
MESSA_breakfast_2026-09-26,2026-09-26 08:32:50,IN,0
MESSA_breakfast_2026-09-26,2026-09-26 08:32:50,SERVED,0
MESSA_breakfast_2026-09-26,2026-09-26 08:32:54,IN,0
MESSA_breakfast_2026-09-26,2026-09-26 08:33:36,SERVED,0
MESSA_breakfast_2026-09-26,2026-09-26 08:33:42,OUT,0
MESSA_breakfast_2026-09-26,2026-09-26 08:33:53,IN,0
MESSA_breakfast_2026-09-26,2026-09-26 08:33:59,IN,0
MESSA_breakfast_2026-09-26,2026-09-26 08:34:00,IN,0
MESSA_breakfast_2026-09-26,2026-09-26 08:34:01,SERVED,0
MESSA_breakfast_2026-09-26,2026-09-26 08:34:15,SERVED,0
MESSA_breakfast_2026-09-26,2026-09-26 08:34:25,IN,0
MESSA_breakfast_2026-09-26,2026-09-26 08:34:40,SERVED,0
MESSA_breakfast_2026-09-26,2026-09-26 08:34:58,IN,0
MESSA_breakfast_2026-09-26,2026-09-26 08:35:17,OUT,0
MESSA_breakfast_2026-09-26,2026-09-26 08:35:21,IN,0
MESSA_breakfast_2026-09-26,2026-09-26 08:35:41,IN,0
MESSA_breakfast_2026-09-26,2026-09-26 08:35:42,IN,0
MESSA_breakfast_2026-09-26,2026-09-26 08:35:43,IN,0
MESSA_breakfast_2026-09-26,2026-09-26 08:35:46,IN,0
MESSA_breakfast_2026-09-26,2026-09-26 08:35:48,OUT,0
MESSA_breakfast_2026-09-26,2026-09-26 08:35:56,SERVED,0
MESSA_breakfast_2026-09-26,2026-09-26 08:35:56,SERVED,0
MESSA_breakfast_2026-09-26,2026-09-26 08:36:03,SERVED,0
MESSA_breakfast_2026-09-26,2026-09-26 08:36:07,IN,0
MESSA_breakfast_2026-09-26,2026-09-26 08:36:11,SERVED,0
MESSA_breakfast_2026-09-26,2026-09-26 08:36:26,IN,0
MESSA_breakfast_2026-09-26,2026-09-26 08:36:30,SERVED,0
MESSA_breakfast_2026-09-26,2026-09-26 08:36:48,OUT,0
MESSA_breakfast_2026-09-26,2026-09-26 08:36:51,IN,0
MESSA_breakfast_2026-09-26,2026-09-26 08:37:34,SERVED,0
MESSA_breakfast_2026-09-26,2026-09-26 08:37:35,SERVED,0
MESSA_breakfast_2026-09-26,2026-09-26 08:37:37,IN,0
MESSA_breakfast_2026-09-26,2026-09-26 08:37:37,OUT,0
MESSA_breakfast_2026-09-26,2026-09-26 08:38:00,SERVED,0
MESSA_breakfast_2026-09-26,2026-09-26 08:38:15,IN,0
MESSA_breakfast_2026-09-26,2026-09-26 08:38:16,SERVED,0
MESSA_breakfast_2026-09-26,2026-09-26 08:38:28,IN,0
MESSA_breakfast_2026-09-26,2026-09-26 08:38:31,IN,0
MESSA_breakfast_2026-09-26,2026-09-26 08:38:39,SERVED,0
MESSA_breakfast_2026-09-26,2026-09-26 08:39:05,SERVED,0
MESSA_breakfast_2026-09-26,2026-09-26 08:39:09,SERVED,0
MESSA_breakfast_2026-09-26,2026-09-26 08:39:16,IN,0
MESSA_breakfast_2026-09-26,2026-09-26 08:39:17,OUT,0
MESSA_breakfast_2026-09-26,2026-09-26 08:39:24,OUT,0
MESSA_breakfast_2026-09-26,2026-09-26 08:39:26,SERVED,0
MESSA_breakfast_2026-09-26,2026-09-26 08:39:51,IN,0
MESSA_breakfast_2026-09-26,2026-09-26 08:39:54,SERVED,0
MESSA_breakfast_2026-09-26,2026-09-26 08:40:00,OUT,0
MESSA_breakfast_2026-09-26,2026-09-26 08:40:08,OUT,0
SYN_breakfast_2026-09-07,2026-09-07 07:47:50,SERVED,1
SYN_breakfast_2026-09-07,2026-09-07 07:48:02,IN,1
SYN_breakfast_2026-09-07,2026-09-07 07:48:03,IN,1
SYN_breakfast_2026-09-07,2026-09-07 07:48:23,IN,1
SYN_breakfast_2026-09-07,2026-09-07 07:48:36,SERVED,1
SYN_breakfast_2026-09-07,2026-09-07 07:49:01,SERVED,1
SYN_breakfast_2026-09-07,2026-09-07 07:49:04,IN,1
SYN_breakfast_2026-09-07,2026-09-07 07:49:15,OUT,1
SYN_breakfast_2026-09-07,2026-09-07 07:49:15,SERVED,1
SYN_breakfast_2026-09-07,2026-09-07 07:49:33,IN,1
SYN_breakfast_2026-09-07,2026-09-07 07:49:40,SERVED,1
SYN_breakfast_2026-09-07,2026-09-07 07:49:45,IN,1
SYN_breakfast_2026-09-07,2026-09-07 07:50:01,OUT,1
SYN_breakfast_2026-09-07,2026-09-07 07:50:31,OUT,1
SYN_breakfast_2026-09-07,2026-09-07 07:50:48,OUT,1
SYN_breakfast_2026-09-07,2026-09-07 07:50:55,IN,1
SYN_breakfast_2026-09-07,2026-09-07 07:50:56,SERVED,1
SYN_breakfast_2026-09-07,2026-09-07 07:50:56,SERVED,1
SYN_breakfast_2026-09-07,2026-09-07 07:51:03,SERVED,1
SYN_breakfast_2026-09-07,2026-09-07 07:51:08,IN,1
SYN_breakfast_2026-09-07,2026-09-07 07:51:08,OUT,1
SYN_breakfast_2026-09-07,2026-09-07 07:51:11,SERVED,1
SYN_breakfast_2026-09-07,2026-09-07 07:51:30,SERVED,1
SYN_breakfast_2026-09-07,2026-09-07 07:51:47,IN,1
SYN_breakfast_2026-09-07,2026-09-07 07:51:54,SERVED,1
SYN_breakfast_2026-09-07,2026-09-07 07:52:13,IN,1
SYN_breakfast_2026-09-07,2026-09-07 07:52:23,OUT,1
SYN_breakfast_2026-09-07,2026-09-07 07:52:35,SERVED,1
SYN_breakfast_2026-09-07,2026-09-07 07:52:36,IN,1
SYN_breakfast_2026-09-07,2026-09-07 07:52:45,IN,1
SYN_breakfast_2026-09-07,2026-09-07 07:53:00,SERVED,1
SYN_breakfast_2026-09-07,2026-09-07 07:53:34,IN,1
SYN_breakfast_2026-09-07,2026-09-07 07:53:39,SERVED,1
SYN_breakfast_2026-09-07,2026-09-07 07:53:50,IN,1
SYN_breakfast_2026-09-07,2026-09-07 07:53:55,IN,1
SYN_breakfast_2026-09-07,2026-09-07 07:54:09,SERVED,1
SYN_breakfast_2026-09-07,2026-09-07 07:54:15,OUT,1
SYN_breakfast_2026-09-07,2026-09-07 07:54:26,SERVED,1
SYN_breakfast_2026-09-07,2026-09-07 07:54:49,IN,1
SYN_breakfast_2026-09-07,2026-09-07 07:54:49,IN,1
SYN_breakfast_2026-09-07,2026-09-07 07:54:53,IN,1
SYN_breakfast_2026-09-07,2026-09-07 07:54:54,SERVED,1
SYN_breakfast_2026-09-07,2026-09-07 07:55:21,SERVED,1
SYN_breakfast_2026-09-07,2026-09-07 07:55:24,SERVED,1
SYN_breakfast_2026-09-07,2026-09-07 07:55:29,IN,1
SYN_breakfast_2026-09-07,2026-09-07 07:55:31,SERVED,1
SYN_breakfast_2026-09-07,2026-09-07 07:55:41,SERVED,1
SYN_breakfast_2026-09-07,2026-09-07 07:55:50,OUT,1
SYN_breakfast_2026-09-07,2026-09-07 07:55:58,SERVED,1
SYN_breakfast_2026-09-07,2026-09-07 07:55:59,SERVED,1
