session_id,interval_start,interval_end,in_count,out_count,served_count,items_made,service_rate_items_per_min,service_rate_people_per_min,main_dish,items_per_person,meal,weekday,slot_idx,tod_min,after_close,items_missing,is_synthetic
MESSA_breakfast_2026-09-26,2026-09-26 08:50:00,2026-09-26 08:55:00,16,10,16,32.0,6.4,3.2,Dosa,2.0,breakfast,Saturday,10,530,0,0,0
MESSA_breakfast_2026-09-26,2026-09-26 08:55:00,2026-09-26 09:00:00,19,11,16,32.0,6.4,3.2,Dosa,2.0,breakfast,Saturday,11,535,0,0,0
MESSA_breakfast_2026-09-26,2026-09-26 09:00:00,2026-09-26 09:05:00,22,16,25,50.0,10.0,5.0,Dosa,2.0,breakfast,Saturday,12,540,0,0,0
MESSA_breakfast_2026-09-26,2026-09-26 09:05:00,2026-09-26 09:10:00,30,12,30,60.0,12.0,6.0,Dosa,2.0,breakfast,Saturday,13,545,0,0,0
MESSA_breakfast_2026-09-26,2026-09-26 09:10:00,2026-09-26 09:15:00,38,14,36,72.0,14.4,7.2,Dosa,2.0,breakfast,Saturday,14,550,0,0,0
MESSA_breakfast_2026-09-26,2026-09-26 09:15:00,2026-09-26 09:20:00,27,15,28,56.0,11.2,5.6,Dosa,2.0,breakfast,Saturday,15,555,0,0,0
MESSA_breakfast_2026-09-26,2026-09-26 09:20:00,2026-09-26 09:25:00,37,31,37,74.0,14.8,7.4,Dosa,2.0,breakfast,Saturday,16,560,0,0,0
MESSA_breakfast_2026-09-26,2026-09-26 09:25:00,2026-09-26 09:30:00,43,29,39,78.0,15.6,7.8,Dosa,2.0,breakfast,Saturday,17,565,0,0,0
MESSA_breakfast_2026-09-26,2026-09-26 09:30:00,2026-09-26 09:35:00,46,31,42,84.0,16.8,8.4,Dosa,2.0,breakfast,Saturday,18,570,0,0,0
MESSA_breakfast_2026-09-26,2026-09-26 09:35:00,2026-09-26 09:40:00,49,32,40,80.0,16.0,8.0,Dosa,2.0,breakfast,Saturday,19,575,0,0,0
MESSA_breakfast_2026-09-26,2026-09-26 09:40:00,2026-09-26 09:45:00,104,31,39,78.0,15.6,7.8,Dosa,2.0,breakfast,Saturday,20,580,0,0,0
MESSA_breakfast_2026-09-26,2026-09-26 09:45:00,2026-09-26 09:50:00,102,50,40,80.0,16.0,8.0,Dosa,2.0,breakfast,Saturday,21,585,0,0,0
MESSA_breakfast_2026-09-26,2026-09-26 09:50:00,2026-09-26 09:55:00,67,37,39,78.0,15.6,7.8,Dosa,2.0,breakfast,Saturday,22,590,0,0,0
MESSA_breakfast_2026-09-26,2026-09-26 09:55:00,2026-09-26 10:00:00,37,36,38,76.0,15.2,7.6,Dosa,2.0,breakfast,Saturday,23,595,0,0,0
MESSA_breakfast_2026-09-26,2026-09-26 10:00:00,2026-09-26 10:05:00,32,45,40,80.0,16.0,8.0,Dosa,2.0,breakfast,Saturday,24,600,0,0,0
SYN_breakfast_2026-09-07,2026-09-07 08:05:00,2026-09-07 08:10:00,22,9,22,66.0,13.2,4.4,Idli/Vada,3.0,breakfast,Monday,10,485,0,0,1
SYN_breakfast_2026-09-07,2026-09-07 08:10:00,2026-09-07 08:15:00,23,16,22,66.0,13.2,4.4,Idli/Vada,3.0,breakfast,Monday,11,490,0,0,1
SYN_breakfast_2026-09-07,2026-09-07 08:15:00,2026-09-07 08:20:00,24,23,24,72.0,14.4,4.8,Idli/Vada,3.0,breakfast,Monday,12,495,0,0,1
SYN_breakfast_2026-09-07,2026-09-07 08:20:00,2026-09-07 08:25:00,30,31,30,90.0,18.0,6.0,Idli/Vada,3.0,breakfast,Monday,13,500,0,0,1
SYN_breakfast_2026-09-07,2026-09-07 08:25:00,2026-09-07 08:30:00,34,29,34,102.0,20.4,6.8,Idli/Vada,3.0,breakfast,Monday,14,505,0,0,1
SYN_breakfast_2026-09-07,2026-09-07 08:30:00,2026-09-07 08:35:00,32,19,32,96.0,19.2,6.4,Idli/Vada,3.0,breakfast,Monday,15,510,0,0,1
SYN_breakfast_2026-09-07,2026-09-07 08:35:00,2026-09-07 08:40:00,41,29,41,123.0,24.6,8.2,Idli/Vada,3.0,breakfast,Monday,16,515,0,0,1
SYN_breakfast_2026-09-07,2026-09-07 08:40:00,2026-09-07 08:45:00,54,28,54,162.0,32.4,10.8,Idli/Vada,3.0,breakfast,Monday,17,520,0,0,1
SYN_breakfast_2026-09-07,2026-09-07 08:45:00,2026-09-07 08:50:00,74,34,57,171.0,34.2,11.4,Idli/Vada,3.0,breakfast,Monday,18,525,0,0,1
SYN_breakfast_2026-09-07,2026-09-07 08:50:00,2026-09-07 08:55:00,75,37,57,171.0,34.2,11.4,Idli/Vada,3.0,breakfast,Monday,19,530,0,0,1
SYN_breakfast_2026-09-07,2026-09-07 08:55:00,2026-09-07 09:00:00,61,41,73,219.0,43.8,14.6,Idli/Vada,3.0,breakfast,Monday,20,535,0,0,1
SYN_breakfast_2026-09-07,2026-09-07 09:00:00,2026-09-07 09:05:00,44,52,67,201.0,40.2,13.4,Idli/Vada,3.0,breakfast,Monday,21,540,0,0,1
SYN_breakfast_2026-09-07,2026-09-07 09:05:00,2026-09-07 09:10:00,34,52,34,102.0,20.4,6.8,Idli/Vada,3.0,breakfast,Monday,22,545,0,0,1
SYN_breakfast_2026-09-07,2026-09-07 09:10:00,2026-09-07 09:15:00,30,70,30,90.0,18.0,6.0,Idli/Vada,3.0,breakfast,Monday,23,550,0,0,1
SYN_breakfast_2026-09-07,2026-09-07 09:15:00,2026-09-07 09:20:00,11,62,11,33.0,6.6,2.2,Idli/Vada,3.0,breakfast,Monday,24,555,0,0,1
