session_id,interval_start,interval_end,in_count,out_count,queue_len,items_made,service_rate_items_per_min,service_rate_people_per_min,main_dish,items_per_person,meal,weekday,slot_idx,tod_min,after_close,queue_missing,items_missing,is_synthetic
SYN_breakfast_2026-09-07,2026-09-07 07:15:00,2026-09-07 07:20:00,3,0,0.0,9.0,1.8,0.6,Idli/Vada,3.0,breakfast,Monday,0,435,0,0,0,1
SYN_breakfast_2026-09-07,2026-09-07 07:20:00,2026-09-07 07:25:00,5,0,0.0,15.0,3.0,1.0,Idli/Vada,3.0,breakfast,Monday,1,440,0,0,0,1
SYN_breakfast_2026-09-07,2026-09-07 07:25:00,2026-09-07 07:30:00,11,0,0.0,33.0,6.6,2.1999999999999997,Idli/Vada,3.0,breakfast,Monday,2,445,0,0,0,1
SYN_breakfast_2026-09-07,2026-09-07 07:30:00,2026-09-07 07:35:00,2,3,0.0,5.0,1.0,0.3333333333333333,Idli/Vada,3.0,breakfast,Monday,3,450,0,0,0,1
SYN_breakfast_2026-09-07,2026-09-07 07:35:00,2026-09-07 07:40:00,8,2,0.0,24.0,4.8,1.5999999999999999,Idli/Vada,3.0,breakfast,Monday,4,455,0,0,0,1
SYN_breakfast_2026-09-07,2026-09-07 07:40:00,2026-09-07 07:45:00,4,2,0.0,11.0,2.2,0.7333333333333334,Idli/Vada,3.0,breakfast,Monday,5,460,0,0,0,1
SYN_breakfast_2026-09-07,2026-09-07 07:45:00,2026-09-07 07:50:00,16,7,0.0,49.0,9.8,3.266666666666667,Idli/Vada,3.0,breakfast,Monday,6,465,0,0,0,1
SYN_breakfast_2026-09-07,2026-09-07 07:50:00,2026-09-07 07:55:00,12,6,0.0,35.0,7.0,2.3333333333333335,Idli/Vada,3.0,breakfast,Monday,7,470,0,0,0,1
SYN_breakfast_2026-09-07,2026-09-07 07:55:00,2026-09-07 08:00:00,34,7,0.0,102.0,20.4,6.8,Idli/Vada,3.0,breakfast,Monday,8,475,0,0,0,1
SYN_breakfast_2026-09-07,2026-09-07 08:00:00,2026-09-07 08:05:00,29,11,0.0,87.0,17.4,5.8,Idli/Vada,3.0,breakfast,Monday,9,480,0,0,0,1
SYN_breakfast_2026-09-07,2026-09-07 08:05:00,2026-09-07 08:10:00,22,9,0.0,66.0,13.2,4.3999999999999995,Idli/Vada,3.0,breakfast,Monday,10,485,0,0,0,1
SYN_breakfast_2026-09-07,2026-09-07 08:10:00,2026-09-07 08:15:00,23,16,0.0,67.0,13.4,4.466666666666667,Idli/Vada,3.0,breakfast,Monday,11,490,0,0,0,1
SYN_breakfast_2026-09-07,2026-09-07 08:15:00,2026-09-07 08:20:00,24,23,0.0,72.0,14.4,4.8,Idli/Vada,3.0,breakfast,Monday,12,495,0,0,0,1
SYN_breakfast_2026-09-07,2026-09-07 08:20:00,2026-09-07 08:25:00,30,31,0.0,89.0,17.8,5.933333333333334,Idli/Vada,3.0,breakfast,Monday,13,500,0,0,0,1
SYN_breakfast_2026-09-07,2026-09-07 08:25:00,2026-09-07 08:30:00,34,29,0.0,102.0,20.4,6.8,Idli/Vada,3.0,breakfast,Monday,14,505,0,0,0,1
SYN_breakfast_2026-09-07,2026-09-07 08:30:00,2026-09-07 08:35:00,32,19,0.0,96.0,19.2,6.3999999999999995,Idli/Vada,3.0,breakfast,Monday,15,510,0,0,0,1
SYN_breakfast_2026-09-07,2026-09-07 08:35:00,2026-09-07 08:40:00,41,29,0.0,124.0,24.8,8.266666666666667,Idli/Vada,3.0,breakfast,Monday,16,515,0,0,0,1
SYN_breakfast_2026-09-07,2026-09-07 08:40:00,2026-09-07 08:45:00,54,28,0.0,163.0,32.6,10.866666666666667,Idli/Vada,3.0,breakfast,Monday,17,520,0,0,0,1
SYN_breakfast_2026-09-07,2026-09-07 08:45:00,2026-09-07 08:50:00,74,34,17.0,170.0,34.0,11.333333333333334,Idli/Vada,3.0,breakfast,Monday,18,525,0,0,0,1
SYN_breakfast_2026-09-07,2026-09-07 08:50:00,2026-09-07 08:55:00,75,37,35.0,171.0,34.2,11.4,Idli/Vada,3.0,breakfast,Monday,19,530,0,0,0,1
SYN_breakfast_2026-09-07,2026-09-07 08:55:00,2026-09-07 09:00:00,61,41,25.0,220.0,44.0,14.666666666666666,Idli/Vada,3.0,breakfast,Monday,20,535,0,0,0,1
SYN_breakfast_2026-09-07,2026-09-07 09:00:00,2026-09-07 09:05:00,44,52,0.0,201.0,40.2,13.4,Idli/Vada,3.0,breakfast,Monday,21,540,0,0,0,1
SYN_breakfast_2026-09-07,2026-09-07 09:05:00,2026-09-07 09:10:00,34,52,0.0,103.0,20.6,6.866666666666667,Idli/Vada,3.0,breakfast,Monday,22,545,0,0,0,1
SYN_breakfast_2026-09-07,2026-09-07 09:10:00,2026-09-07 09:15:00,30,70,,90.0,18.0,6.0,Idli/Vada,3.0,breakfast,Monday,23,550,0,1,0,1
SYN_breakfast_2026-09-07,2026-09-07 09:15:00,2026-09-07 09:20:00,11,62,0.0,32.0,6.4,2.1333333333333333,Idli/Vada,3.0,breakfast,Monday,24,555,0,0,0,1
SYN_breakfast_2026-09-07,2026-09-07 09:20:00,2026-09-07 09:25:00,4,66,0.0,12.0,2.4,0.7999999999999999,Idli/Vada,3.0,breakfast,Monday,25,560,0,0,0,1
SYN_breakfast_2026-09-07,2026-09-07 09:25:00,2026-09-07 09:30:00,3,37,0.0,9.0,1.8,0.6,Idli/Vada,3.0,breakfast,Monday,26,565,0,0,0,1
SYN_breakfast_2026-09-07,2026-09-07 09:30:00,2026-09-07 09:35:00,0,23,0.0,0.0,0.0,0.0,Idli/Vada,3.0,breakfast,Monday,27,570,1,0,0,1
SYN_breakfast_2026-09-07,2026-09-07 09:35:00,2026-09-07 09:40:00,0,13,0.0,0.0,0.0,0.0,Idli/Vada,3.0,breakfast,Monday,28,575,1,0,0,1
SYN_breakfast_2026-09-07,2026-09-07 09:40:00,2026-09-07 09:45:00,0,8,0.0,0.0,0.0,0.0,Idli/Vada,3.0,breakfast,Monday,29,580,1,0,0,1
SYN_breakfast_2026-09-07,2026-09-07 09:45:00,2026-09-07 09:50:00,0,2,0.0,0.0,0.0,0.0,Idli/Vada,3.0,breakfast,Monday,30,585,1,0,0,1
SYN_breakfast_2026-09-07,2026-09-07 09:50:00,2026-09-07 09:55:00,0,1,0.0,0.0,0.0,0.0,Idli/Vada,3.0,breakfast,Monday,31,590,1,0,0,1
SYN_lunch_2026-09-07,2026-09-07 12:00:00,2026-09-07 12:05:00,13,0,0.0,53.0,10.6,2.65,Rice/Dal/Roti,4.0,lunch,Monday,0,720,0,0,0,1
SYN_lunch_2026-09-07,2026-09-07 12:05:00,2026-09-07 12:10:00,21,0,0.0,85.0,17.0,4.25,Rice/Dal/Roti,4.0,lunch,Monday,1,725,0,0,0,1
SYN_lunch_2026-09-07,2026-09-07 12:10:00,2026-09-07 12:15:00,24,0,0.0,98.0,19.6,4.9,Rice/Dal/Roti,4.0,lunch,Monday,2,730,0,0,0,1
SYN_lunch_2026-09-07,2026-09-07 12:15:00,2026-09-07 12:20:00,18,6,,74.0,14.8,3.7,Rice/Dal/Roti,4.0,lunch,Monday,3,735,0,1,0,1
SYN_lunch_2026-09-07,2026-09-07 12:20:00,2026-09-07 12:25:00,24,9,0.0,95.0,19.0,4.75,Rice/Dal/Roti,4.0,lunch,Monday,4,740,0,0,0,1
SYN_lunch_2026-09-07,2026-09-07 12:25:00,2026-09-07 12:30:00,26,18,0.0,106.0,21.2,5.3,Rice/Dal/Roti,4.0,lunch,Monday,5,745,0,0,0,1
SYN_lunch_2026-09-07,2026-09-07 12:30:00,2026-09-07 12:35:00,22,23,0.0,90.0,18.0,4.5,Rice/Dal/Roti,4.0,lunch,Monday,6,750,0,0,0,1
SYN_lunch_2026-09-07,2026-09-07 12:35:00,2026-09-07 12:40:00,34,21,0.0,137.0,27.4,6.85,Rice/Dal/Roti,4.0,lunch,Monday,7,755,0,0,0,1
SYN_lunch_2026-09-07,2026-09-07 12:40:00,2026-09-07 12:45:00,22,18,0.0,89.0,17.8,4.45,Rice/Dal/Roti,4.0,lunch,Monday,8,760,0,0,0,1
SYN_lunch_2026-09-07,2026-09-07 12:45:00,2026-09-07 12:50:00,31,34,0.0,124.0,24.8,6.2,Rice/Dal/Roti,4.0,lunch,Monday,9,765,0,0,0,1
SYN_lunch_2026-09-07,2026-09-07 12:50:00,2026-09-07 12:55:00,58,19,7.0,203.0,40.6,10.15,Rice/Dal/Roti,4.0,lunch,Monday,10,770,0,0,0,1
SYN_lunch_2026-09-07,2026-09-07 12:55:00,2026-09-07 13:00:00,49,26,7.0,192.0,38.4,9.6,Rice/Dal/Roti,4.0,lunch,Monday,11,775,0,0,0,1
SYN_lunch_2026-09-07,2026-09-07 13:00:00,2026-09-07 13:05:00,38,30,0.0,181.0,36.2,9.05,Rice/Dal/Roti,4.0,lunch,Monday,12,780,0,0,0,1
SYN_lunch_2026-09-07,2026-09-07 13:05:00,2026-09-07 13:10:00,29,35,0.0,117.0,23.4,5.85,Rice/Dal/Roti,4.0,lunch,Monday,13,785,0,0,0,1
SYN_lunch_2026-09-07,2026-09-07 13:10:00,2026-09-07 13:15:00,45,44,4.0,176.0,35.2,8.8,Rice/Dal/Roti,4.0,lunch,Monday,14,790,0,0,0,1
SYN_lunch_2026-09-07,2026-09-07 13:15:00,2026-09-07 13:20:00,35,48,0.0,144.0,28.8,7.2,Rice/Dal/Roti,4.0,lunch,Monday,15,795,0,0,0,1
SYN_lunch_2026-09-07,2026-09-07 13:20:00,2026-09-07 13:25:00,39,45,,,,,Rice/Dal/Roti,4.0,lunch,Monday,16,800,0,1,1,1
SYN_lunch_2026-09-07,2026-09-07 13:25:00,2026-09-07 13:30:00,34,36,0.0,137.0,27.4,6.85,Rice/Dal/Roti,4.0,lunch,Monday,17,805,0,0,0,1
SYN_lunch_2026-09-07,2026-09-07 13:30:00,2026-09-07 13:35:00,37,34,6.0,130.0,26.0,6.5,Rice/Dal/Roti,4.0,lunch,Monday,18,810,0,0,0,1
SYN_lunch_2026-09-07,2026-09-07 13:35:00,2026-09-07 13:40:00,37,40,0.0,168.0,33.6,8.4,Rice/Dal/Roti,4.0,lunch,Monday,19,815,0,0,0,1
SYN_lunch_2026-09-07,2026-09-07 13:40:00,2026-09-07 13:45:00,33,41,0.0,133.0,26.6,6.65,Rice/Dal/Roti,4.0,lunch,Monday,20,820,0,0,0,1
SYN_lunch_2026-09-07,2026-09-07 13:45:00,2026-09-07 13:50:00,34,35,0.0,135.0,27.0,6.75,Rice/Dal/Roti,4.0,lunch,Monday,21,825,0,0,0,1
SYN_lunch_2026-09-07,2026-09-07 13:50:00,2026-09-07 13:55:00,54,35,12.0,168.0,33.6,8.4,Rice/Dal/Roti,4.0,lunch,Monday,22,830,0,0,0,1
SYN_lunch_2026-09-07,2026-09-07 13:55:00,2026-09-07 14:00:00,45,38,9.0,195.0,39.0,9.75,Rice/Dal/Roti,4.0,lunch,Monday,23,835,0,0,0,1
SYN_lunch_2026-09-07,2026-09-07 14:00:00,2026-09-07 14:05:00,0,31,0.0,30.0,6.0,1.5,Rice/Dal/Roti,4.0,lunch,Monday,24,840,1,0,0,1
SYN_lunch_2026-09-07,2026-09-07 14:05:00,2026-09-07 14:10:00,0,38,0.0,0.0,0.0,0.0,Rice/Dal/Roti,4.0,lunch,Monday,25,845,1,0,0,1
SYN_lunch_2026-09-07,2026-09-07 14:10:00,2026-09-07 14:15:00,0,45,0.0,0.0,0.0,0.0,Rice/Dal/Roti,4.0,lunch,Monday,26,850,1,0,0,1
SYN_lunch_2026-09-07,2026-09-07 14:15:00,2026-09-07 14:20:00,0,28,0.0,0.0,0.0,0.0,Rice/Dal/Roti,4.0,lunch,Monday,27,855,1,0,0,1
