interval_start,interval_end,queue_len,items_made
2026-09-16 12:00:00,2026-09-16 12:05:00,0,63
2026-09-16 12:05:00,2026-09-16 12:10:00,0,100
2026-09-16 12:10:00,2026-09-16 12:15:00,0,68
2026-09-16 12:15:00,2026-09-16 12:20:00,0,61
2026-09-16 12:20:00,2026-09-16 12:25:00,0,52
2026-09-16 12:25:00,2026-09-16 12:30:00,0,109
2026-09-16 12:30:00,2026-09-16 12:35:00,0,72
2026-09-16 12:35:00,2026-09-16 12:40:00,0,112
2026-09-16 12:40:00,2026-09-16 12:45:00,,149
2026-09-16 12:45:00,2026-09-16 12:50:00,29,191
2026-09-16 12:50:00,2026-09-16 12:55:00,36,201
2026-09-16 12:55:00,2026-09-16 13:00:00,34,258
2026-09-16 13:00:00,2026-09-16 13:05:00,23,259
2026-09-16 13:05:00,2026-09-16 13:10:00,0,194
2026-09-16 13:10:00,2026-09-16 13:15:00,0,152
2026-09-16 13:15:00,2026-09-16 13:20:00,0,93
2026-09-16 13:20:00,2026-09-16 13:25:00,0,110
2026-09-16 13:25:00,2026-09-16 13:30:00,0,115
2026-09-16 13:30:00,2026-09-16 13:35:00,0,60
2026-09-16 13:35:00,2026-09-16 13:40:00,0,92
2026-09-16 13:40:00,2026-09-16 13:45:00,0,119
2026-09-16 13:45:00,2026-09-16 13:50:00,2,204
2026-09-16 13:50:00,2026-09-16 13:55:00,0,154
2026-09-16 13:55:00,2026-09-16 14:00:00,0,165
2026-09-16 14:00:00,2026-09-16 14:05:00,0,0
2026-09-16 14:05:00,2026-09-16 14:10:00,0,0
2026-09-16 14:10:00,2026-09-16 14:15:00,,0
2026-09-16 14:15:00,2026-09-16 14:20:00,0,0
2026-09-16 14:20:00,2026-09-16 14:25:00,0,0
