meal,weekday,peak_arrivals_at,peak_arrivals_per_5min,peak_queue_at,peak_queue_mean,max_wait_mean_min,min_per_meal_wait_over_target,main_dish
breakfast,Monday,08:50,82.7,08:50,46.7,4.0,1.7,Idli/Vada
breakfast,Tuesday,08:50,89.0,08:50,71.0,7.4,23.3,Aloo Paratha
breakfast,Wednesday,08:50,69.7,09:00,42.7,3.9,0.0,Dosa
breakfast,Thursday,08:50,87.7,08:50,39.3,2.8,0.0,Poha
breakfast,Friday,08:50,73.7,08:50,42.7,3.9,0.0,Dosa
breakfast,Saturday,09:40,104.0,10:00,86.0,11.0,45.0,Dosa
breakfast,Sunday,09:40,110.0,10:10,84.0,11.6,55.0,Dosa
dinner,Monday,21:15,52.3,21:20,13.0,1.3,0.0,Roti/Sabzi
dinner,Tuesday,21:10,52.3,21:20,24.7,2.8,0.0,Roti/Sabzi
dinner,Wednesday,21:30,45.3,21:30,8.3,1.1,0.0,Veg Biryani (special)
dinner,Thursday,21:15,56.7,21:15,23.3,2.5,0.0,Roti/Sabzi
dinner,Friday,21:25,45.7,21:35,51.7,7.3,16.7,Paneer + Roti (special)
dinner,Saturday,20:40,69.0,20:45,52.0,5.1,5.0,Roti/Sabzi
dinner,Sunday,20:30,69.0,20:55,37.0,3.5,0.0,Roti/Sabzi
lunch,Monday,13:50,56.3,13:55,22.7,2.4,1.7,Rice/Dal/Roti
lunch,Tuesday,13:50,57.3,13:50,24.0,2.6,0.0,Rice/Dal/Roti
lunch,Wednesday,12:50,78.3,12:55,57.3,5.7,13.3,Rice/Dal/Roti
lunch,Thursday,12:50,90.7,12:55,80.3,8.5,31.7,Rice/Dal/Roti
lunch,Friday,12:55,86.0,12:55,54.7,5.2,5.0,Rice/Dal/Roti
lunch,Saturday,13:00,56.0,13:00,9.0,1.2,0.0,Rice/Dal/Roti
lunch,Sunday,13:10,59.0,13:10,28.0,3.2,0.0,Rice/Dal/Roti
