split,model,horizon_min,mae,rmse,mae_congested,wait_mae_min,red_precision,red_recall,coverage_80,n,n_congested,n_red
forward,xgb,5,3.123,6.157,9.404,0.36,1.0,0.88,0.693,450,111,25
forward,mlp,5,3.467,6.663,9.831,0.407,1.0,0.76,,450,111,25
forward,physics_profile,5,4.426,9.072,12.484,0.562,0.923,0.48,,450,111,25
forward,seasonal_profile,5,4.171,9.553,13.205,0.495,0.864,0.76,,450,111,25
forward,persistence,5,3.527,7.749,9.887,0.402,0.846,0.88,,450,111,25
forward,experimental_formula,5,10.437,23.469,39.862,1.212,,0.0,,450,111,25
forward,xgb,10,4.886,9.596,14.119,0.572,0.923,0.48,0.614,435,111,25
forward,mlp,10,5.928,11.855,17.156,0.714,0.8,0.16,,435,111,25
forward,physics_profile,10,7.585,15.866,21.293,0.983,0.5,0.36,,435,111,25
forward,seasonal_profile,10,5.485,12.23,15.989,0.652,0.773,0.68,,435,111,25
forward,persistence,10,6.691,13.933,17.029,0.752,0.692,0.72,,435,111,25
forward,experimental_formula,10,10.767,23.834,39.853,1.25,,0.0,,435,111,25
forward,xgb,15,6.697,13.447,19.325,0.788,1.0,0.28,0.664,420,111,25
forward,mlp,15,6.693,13.182,17.939,0.805,0.7,0.28,,420,111,25
forward,physics_profile,15,9.428,19.645,25.391,1.231,0.5,0.48,,420,111,25
forward,seasonal_profile,15,6.762,14.947,18.25,0.8,0.714,0.6,,420,111,25
forward,persistence,15,9.695,19.019,22.894,1.083,0.538,0.56,,420,111,25
forward,experimental_formula,15,11.228,24.314,40.018,1.303,,0.0,,420,111,25
