split,fold,horizon_min,model,n,mae,rmse,mae_congested,n_congested,wait_mae_min,red_precision,n_red,red_recall,coverage_80
forward,0,5,xgb,450,3.122586637025953,6.157033245450209,9.403713199146393,111,0.3596886321637987,1.0,25,0.88,0.6933333333333334
forward,0,5,mlp,450,3.466658535235465,6.662599153649661,9.831462327602301,111,0.4074075570028752,1.0,25,0.76,
forward,0,5,persistence,450,3.526666666666667,7.7489246565787,9.887387387387387,111,0.40187457891552,0.8461538461538461,25,0.88,
forward,0,5,seasonal_profile,450,4.171111111111111,9.553228075716955,13.204954954954955,111,0.49472465850386843,0.8636363636363636,25,0.76,
forward,0,5,physics_profile,450,4.425648148148149,9.07167213580309,12.483858858858861,111,0.5615569950715953,0.9230769230769231,25,0.48,
forward,0,5,experimental_formula,450,10.437037037037038,23.46934959410615,39.86186186186186,111,1.2122239237969137,,25,0.0,
forward,0,10,xgb,435,4.885983977079005,9.595891833746304,14.119389101223147,111,0.5722437740007629,0.9230769230769231,25,0.48,0.6137931034482759
forward,0,10,mlp,435,5.928249323864717,11.855209174002033,17.155901409287676,111,0.7142329126116773,0.8,25,0.16,
forward,0,10,persistence,435,6.690804597701149,13.932647923525504,17.02927927927928,111,0.7518810192177322,0.6923076923076923,25,0.72,
forward,0,10,seasonal_profile,435,5.485057471264367,12.229921382065147,15.98873873873874,111,0.6516208186237578,0.7727272727272727,25,0.68,
forward,0,10,physics_profile,435,7.584865900383141,15.866356467716969,21.292792792792792,111,0.9827896011179043,0.5,25,0.36,
forward,0,10,experimental_formula,435,10.76704980842912,23.833720490920754,39.85285285285285,111,1.2498149899256645,,25,0.0,
forward,0,15,xgb,420,6.696653222576095,13.447384604956275,19.324734670219122,111,0.7882409838718746,1.0,25,0.28,0.6642857142857143
forward,0,15,mlp,420,6.693097891190345,13.182174441446852,17.938717404419986,111,0.8048650397678202,0.7,25,0.28,
forward,0,15,persistence,420,9.695238095238095,19.019327575615584,22.894144144144143,111,1.0832223547900102,0.5384615384615384,25,0.56,
forward,0,15,seasonal_profile,420,6.761904761904762,14.947477490644813,18.25,111,0.8002750795449759,0.7142857142857143,25,0.6,
forward,0,15,physics_profile,420,9.428075396825397,19.644626618833616,25.391141141141144,111,1.2307763429611966,0.5,25,0.48,
forward,0,15,experimental_formula,420,11.227777777777776,24.313739665216794,40.01801801801802,111,1.3033366250256195,,25,0.0,
