session_id,interval_end,main_dish,meal,weekday,in_count,out_count,queue_phys,queue_now,mu,wait_now,q_pred1,q_pred2,q_pred3,q_lo3,q_hi3,wait_pred1,wait_pred2,wait_pred3,alert,service_rate_required,items_rate_required,service_gap_pct,student_advice,is_synthetic
SYN_breakfast_2026-09-23,2026-09-23 07:20:00,Dosa,breakfast,Wednesday,4,0,0.0,0.0,0.8,0.0,0.03,0.0,0.08,0.0,2.66,0.03,0.0,0.1,GREEN,0.83,1.7,0.0,Go now,1
SYN_breakfast_2026-09-23,2026-09-23 07:25:00,Dosa,breakfast,Wednesday,7,0,1.0,1.0,1.0,1.0,1.0,1.0,1.25,0.0,3.04,1.0,1.0,1.25,GREEN,0.93,1.9,0.0,Go now,1
SYN_breakfast_2026-09-23,2026-09-23 07:30:00,Dosa,breakfast,Wednesday,8,0,1.0,1.0,1.2,0.83,1.01,1.06,1.09,0.47,3.26,0.84,0.89,0.91,GREEN,1.07,2.1,0.0,Go now,1
SYN_breakfast_2026-09-23,2026-09-23 07:35:00,Dosa,breakfast,Wednesday,5,2,6.0,6.0,0.93,6.43,6.06,5.91,5.77,3.38,13.67,6.49,6.33,6.18,AMBER,1.21,2.4,30.0,Go now,1
SYN_breakfast_2026-09-23,2026-09-23 07:40:00,Dosa,breakfast,Wednesday,3,4,6.0,6.0,0.73,8.18,6.08,6.08,5.37,5.24,9.02,8.29,8.29,7.33,RED,2.59,5.2,253.0,Go now,1
SYN_breakfast_2026-09-23,2026-09-23 07:45:00,Dosa,breakfast,Wednesday,5,6,6.0,6.0,0.53,11.25,6.02,6.35,5.38,5.22,10.57,11.29,11.9,10.09,RED,4.12,8.2,672.0,Go now,1
SYN_breakfast_2026-09-23,2026-09-23 07:50:00,Dosa,breakfast,Wednesday,13,5,5.0,5.0,1.47,3.41,5.0,5.02,5.0,4.76,9.56,3.41,3.42,3.41,AMBER,4.0,8.0,173.0,Go now,1
SYN_breakfast_2026-09-23,2026-09-23 07:55:00,Dosa,breakfast,Wednesday,29,8,6.0,6.0,3.13,1.91,5.9,6.39,6.31,3.99,13.97,1.88,2.04,2.01,GREEN,4.6,9.2,0.0,Go now,1
SYN_breakfast_2026-09-23,2026-09-23 08:00:00,Dosa,breakfast,Wednesday,18,3,6.0,6.0,4.0,1.5,6.01,6.05,6.11,5.26,10.32,1.5,1.51,1.53,GREEN,4.37,8.7,0.0,Go now,1
SYN_breakfast_2026-09-23,2026-09-23 08:05:00,Dosa,breakfast,Wednesday,19,9,6.0,6.0,4.33,1.38,6.0,6.02,6.06,4.84,12.76,1.38,1.39,1.4,GREEN,4.2,8.4,0.0,Go now,1
SYN_breakfast_2026-09-23,2026-09-23 08:10:00,Dosa,breakfast,Wednesday,19,13,5.0,5.0,3.8,1.32,5.0,5.0,5.0,5.0,7.21,1.32,1.32,1.32,GREEN,4.73,9.5,0.0,Go now,1
SYN_breakfast_2026-09-23,2026-09-23 08:15:00,Dosa,breakfast,Wednesday,16,21,5.0,5.0,3.67,1.36,5.08,5.04,4.98,4.96,9.89,1.38,1.37,1.36,GREEN,4.4,8.8,0.0,Go now,1
SYN_breakfast_2026-09-23,2026-09-23 08:20:00,Dosa,breakfast,Wednesday,26,20,5.0,5.0,4.13,1.21,5.05,5.0,4.92,4.92,7.98,1.22,1.21,1.19,GREEN,4.9,9.8,0.0,Go now,1
SYN_breakfast_2026-09-23,2026-09-23 08:25:00,Dosa,breakfast,Wednesday,30,18,6.0,6.0,4.73,1.27,5.91,5.96,5.76,5.57,9.96,1.25,1.26,1.22,GREEN,5.8,11.6,0.0,Go now,1
SYN_breakfast_2026-09-23,2026-09-23 08:30:00,Dosa,breakfast,Wednesday,20,17,6.0,6.0,5.0,1.2,5.98,5.94,9.36,6.83,11.33,1.2,1.19,1.87,GREEN,7.7,15.4,0.0,Go now,1
SYN_breakfast_2026-09-23,2026-09-23 08:35:00,Dosa,breakfast,Wednesday,31,25,7.0,7.0,5.27,1.33,6.87,9.24,17.97,8.21,31.16,1.3,1.75,3.41,AMBER,9.53,19.1,81.0,Go now,1
SYN_breakfast_2026-09-23,2026-09-23 08:40:00,Dosa,breakfast,Wednesday,55,21,14.0,14.0,6.53,2.14,13.39,27.31,43.71,16.63,76.58,2.05,4.18,6.69,AMBER,12.4,24.8,90.0,Go now,1
SYN_breakfast_2026-09-23,2026-09-23 08:45:00,Dosa,breakfast,Wednesday,62,28,24.0,24.0,8.67,2.77,32.03,48.71,63.39,18.03,102.12,3.7,5.62,7.31,AMBER,14.0,28.0,62.0,Go now,1
SYN_breakfast_2026-09-23,2026-09-23 08:50:00,Dosa,breakfast,Wednesday,72,23,42.0,42.0,10.27,4.09,58.86,57.61,49.83,21.63,103.06,5.73,5.61,4.85,AMBER,14.81,29.6,44.0,Go now,1
SYN_breakfast_2026-09-23,2026-09-23 08:55:00,Dosa,breakfast,Wednesday,76,39,59.0,59.0,11.0,5.36,62.04,58.6,54.18,23.72,95.83,5.64,5.33,4.93,AMBER,13.81,27.6,26.0,Go now,1
SYN_breakfast_2026-09-23,2026-09-23 09:00:00,Dosa,breakfast,Wednesday,52,45,47.0,47.0,11.8,3.98,36.51,27.57,21.43,6.95,49.71,3.09,2.34,1.82,AMBER,12.2,24.4,3.0,Come in ~15 min,1
SYN_breakfast_2026-09-23,2026-09-23 09:05:00,Dosa,breakfast,Wednesday,67,52,48.0,48.0,12.6,3.81,30.77,25.77,18.81,8.5,44.53,2.44,2.05,1.49,GREEN,8.5,17.0,0.0,Come in ~15 min,1
SYN_breakfast_2026-09-23,2026-09-23 09:10:00,Dosa,breakfast,Wednesday,34,50,18.0,18.0,12.93,1.39,9.68,3.68,7.21,0.0,16.92,0.75,0.28,0.56,GREEN,5.9,11.8,0.0,Go now,1
SYN_breakfast_2026-09-23,2026-09-23 09:15:00,Dosa,breakfast,Wednesday,30,63,7.0,7.0,11.4,0.61,6.38,6.97,4.86,0.0,7.08,0.56,0.61,0.43,GREEN,2.95,5.9,0.0,Go now,1
SYN_breakfast_2026-09-23,2026-09-23 09:20:00,Dosa,breakfast,Wednesday,15,63,7.0,7.0,8.0,0.88,6.93,6.97,7.48,5.05,8.85,0.87,0.87,0.94,GREEN,1.5,3.0,0.0,Go now,1
SYN_breakfast_2026-09-23,2026-09-23 09:25:00,Dosa,breakfast,Wednesday,6,64,7.0,7.0,4.13,1.69,7.01,7.03,7.13,6.89,8.25,1.69,1.7,1.73,GREEN,1.43,2.9,0.0,Go now,1
SYN_breakfast_2026-09-23,2026-09-23 09:30:00,Dosa,breakfast,Wednesday,1,53,8.0,8.0,1.4,5.71,7.92,7.9,7.95,7.57,8.12,5.66,5.64,5.68,AMBER,1.59,3.2,14.0,Go now,1
SYN_breakfast_2026-09-23,2026-09-23 09:35:00,Dosa,breakfast,Wednesday,0,41,8.0,8.0,0.5,16.0,8.01,8.01,7.99,7.81,8.6,16.02,16.02,15.98,RED,1.6,3.2,220.0,Go now,1
SYN_breakfast_2026-09-23,2026-09-23 09:40:00,Dosa,breakfast,Wednesday,0,21,8.0,8.0,0.5,16.0,8.0,8.0,7.99,7.76,8.01,16.0,16.0,15.97,RED,1.6,3.2,220.0,Go now,1
SYN_breakfast_2026-09-23,2026-09-23 09:45:00,Dosa,breakfast,Wednesday,0,7,8.0,8.0,0.5,16.0,8.0,8.0,7.99,7.51,13.33,16.0,16.0,15.98,RED,1.6,3.2,220.0,Go now,1
SYN_breakfast_2026-09-23,2026-09-23 09:50:00,Dosa,breakfast,Wednesday,0,2,8.0,8.0,0.5,16.0,8.0,8.0,8.02,7.48,13.25,16.0,16.0,16.04,RED,1.6,3.2,221.0,Go now,1
SYN_lunch_2026-09-23,2026-09-23 12:05:00,Rice/Dal/Roti,lunch,Wednesday,15,0,0.0,0.0,3.2,0.0,0.0,0.0,0.03,0.0,1.36,0.0,0.0,0.01,GREEN,3.57,14.3,0.0,Go now,1
SYN_lunch_2026-09-23,2026-09-23 12:10:00,Rice/Dal/Roti,lunch,Wednesday,17,0,0.0,0.0,3.3,0.0,0.0,0.0,0.04,0.0,0.8,0.0,0.0,0.01,GREEN,3.47,13.9,0.0,Go now,1
SYN_lunch_2026-09-23,2026-09-23 12:15:00,Rice/Dal/Roti,lunch,Wednesday,12,0,0.0,0.0,3.0,0.0,0.0,0.03,0.05,0.0,5.69,0.0,0.01,0.02,GREEN,3.97,15.9,0.0,Go now,1
SYN_lunch_2026-09-23,2026-09-23 12:20:00,Rice/Dal/Roti,lunch,Wednesday,12,2,0.0,0.0,2.73,0.0,0.0,0.0,0.09,0.0,4.1,0.0,0.0,0.03,GREEN,4.23,16.9,0.0,Go now,1
SYN_lunch_2026-09-23,2026-09-23 12:25:00,Rice/Dal/Roti,lunch,Wednesday,12,13,0.0,0.0,2.4,0.0,0.0,0.0,0.06,0.0,5.55,0.0,0.0,0.02,GREEN,4.77,19.1,0.0,Go now,1
SYN_lunch_2026-09-23,2026-09-23 12:30:00,Rice/Dal/Roti,lunch,Wednesday,31,14,0.0,0.0,3.67,0.0,0.01,0.0,1.6,0.0,5.27,0.0,0.0,0.44,GREEN,5.93,23.7,0.0,Go now,1
SYN_lunch_2026-09-23,2026-09-23 12:35:00,Rice/Dal/Roti,lunch,Wednesday,26,12,0.0,0.0,4.6,0.0,0.04,0.3,13.22,0.07,28.7,0.01,0.07,2.87,GREEN,9.2,36.8,0.0,Go now,1
SYN_lunch_2026-09-23,2026-09-23 12:40:00,Rice/Dal/Roti,lunch,Wednesday,32,14,0.0,0.0,5.93,0.0,0.77,16.75,41.74,0.43,68.03,0.13,2.82,7.04,AMBER,13.37,53.5,125.0,Go now,1
SYN_lunch_2026-09-23,2026-09-23 12:45:00,Rice/Dal/Roti,lunch,Wednesday,60,16,12.0,12.0,7.07,1.7,27.97,52.16,66.89,9.01,105.65,3.96,7.38,9.47,RED,16.0,64.0,126.0,Go now,1
SYN_lunch_2026-09-23,2026-09-23 12:50:00,Rice/Dal/Roti,lunch,Wednesday,70,26,34.0,34.0,8.53,3.98,57.3,63.83,60.71,19.39,100.92,6.71,7.48,7.12,AMBER,16.12,64.5,89.0,Go now,1
SYN_lunch_2026-09-23,2026-09-23 12:55:00,Rice/Dal/Roti,lunch,Wednesday,80,31,64.0,64.0,9.73,6.58,72.72,61.22,49.91,29.3,66.16,7.47,6.29,5.13,AMBER,17.31,69.2,78.0,Go now,1
SYN_lunch_2026-09-23,2026-09-23 13:00:00,Rice/Dal/Roti,lunch,Wednesday,46,30,64.0,64.0,9.6,6.67,56.28,40.9,35.57,11.35,69.99,5.86,4.26,3.71,AMBER,11.26,45.0,17.0,Come in ~15 min,1
SYN_lunch_2026-09-23,2026-09-23 13:05:00,Rice/Dal/Roti,lunch,Wednesday,35,47,53.0,53.0,9.47,5.6,45.58,36.56,34.81,10.04,53.87,4.81,3.86,3.68,AMBER,9.12,36.5,0.0,Go now,1
SYN_lunch_2026-09-23,2026-09-23 13:10:00,Rice/Dal/Roti,lunch,Wednesday,35,48,40.0,40.0,9.33,4.29,35.9,27.22,32.69,14.73,44.85,3.85,2.92,3.5,AMBER,7.18,28.7,0.0,Go now,1
SYN_lunch_2026-09-23,2026-09-23 13:15:00,Rice/Dal/Roti,lunch,Wednesday,43,59,32.0,32.0,9.67,3.31,24.88,20.77,24.76,18.41,35.17,2.57,2.15,2.56,GREEN,5.5,22.0,0.0,Go now,1
SYN_lunch_2026-09-23,2026-09-23 13:20:00,Rice/Dal/Roti,lunch,Wednesday,31,44,12.0,12.0,10.0,1.2,5.52,1.91,5.76,0.0,18.32,0.55,0.19,0.58,GREEN,5.73,22.9,0.0,Go now,1
SYN_lunch_2026-09-23,2026-09-23 13:25:00,Rice/Dal/Roti,lunch,Wednesday,32,47,3.0,3.0,9.53,0.31,2.62,2.55,1.43,0.0,6.98,0.27,0.27,0.15,GREEN,7.3,29.2,0.0,Go now,1
SYN_lunch_2026-09-23,2026-09-23 13:30:00,Rice/Dal/Roti,lunch,Wednesday,26,48,3.0,3.0,7.87,0.38,3.21,2.85,3.13,2.0,15.84,0.41,0.36,0.4,GREEN,4.6,18.4,0.0,Go now,1
SYN_lunch_2026-09-23,2026-09-23 13:35:00,Rice/Dal/Roti,lunch,Wednesday,31,51,6.0,6.0,6.33,0.95,5.79,5.83,9.09,6.27,15.18,0.91,0.92,1.44,GREEN,7.43,29.7,0.0,Go now,1
SYN_lunch_2026-09-23,2026-09-23 13:40:00,Rice/Dal/Roti,lunch,Wednesday,26,33,3.0,3.0,5.53,0.54,3.01,7.78,7.91,4.18,17.34,0.54,1.41,1.43,GREEN,8.9,35.6,0.0,Go now,1
SYN_lunch_2026-09-23,2026-09-23 13:45:00,Rice/Dal/Roti,lunch,Wednesday,31,45,3.0,3.0,5.87,0.51,5.39,8.33,5.09,3.34,15.81,0.92,1.42,0.87,GREEN,9.9,39.6,0.0,Go now,1
SYN_lunch_2026-09-23,2026-09-23 13:50:00,Rice/Dal/Roti,lunch,Wednesday,47,29,8.0,8.0,6.8,1.18,10.05,8.31,5.47,3.47,8.47,1.48,1.22,0.8,GREEN,9.5,38.0,0.0,Go now,1
SYN_lunch_2026-09-23,2026-09-23 13:55:00,Rice/Dal/Roti,lunch,Wednesday,50,36,12.0,12.0,7.93,1.51,8.27,5.73,8.13,1.78,9.61,1.04,0.72,1.02,GREEN,8.5,34.0,0.0,Go now,1
SYN_lunch_2026-09-23,2026-09-23 14:00:00,Rice/Dal/Roti,lunch,Wednesday,44,27,6.0,6.0,9.2,0.65,0.52,0.41,0.92,0.0,5.43,0.06,0.04,0.1,GREEN,0.18,0.7,0.0,Go now,1
SYN_lunch_2026-09-23,2026-09-23 14:05:00,Rice/Dal/Roti,lunch,Wednesday,0,39,3.0,3.0,6.6,0.45,3.02,3.04,3.04,2.85,3.04,0.46,0.46,0.46,GREEN,0.61,2.4,0.0,Go now,1
SYN_lunch_2026-09-23,2026-09-23 14:10:00,Rice/Dal/Roti,lunch,Wednesday,0,36,3.0,3.0,3.53,0.85,3.0,2.99,3.02,3.02,3.02,0.85,0.85,0.85,GREEN,0.6,2.4,0.0,Go now,1
SYN_lunch_2026-09-23,2026-09-23 14:15:00,Rice/Dal/Roti,lunch,Wednesday,0,46,3.0,3.0,0.5,6.0,3.0,2.99,3.0,3.0,3.24,6.0,5.98,6.0,AMBER,0.6,2.4,20.0,Go now,1
SYN_lunch_2026-09-23,2026-09-23 14:20:00,Rice/Dal/Roti,lunch,Wednesday,0,35,3.0,3.0,0.5,6.0,3.0,2.99,2.99,2.99,3.25,6.0,5.97,5.98,AMBER,0.6,2.4,20.0,Go now,1
SYN_lunch_2026-09-23,2026-09-23 14:25:00,Rice/Dal/Roti,lunch,Wednesday,0,15,3.0,3.0,0.5,6.0,3.0,2.99,2.99,2.99,3.89,6.0,5.98,5.98,AMBER,0.6,2.4,20.0,Go now,1
SYN_lunch_2026-09-23,2026-09-23 14:30:00,Rice/Dal/Roti,lunch,Wednesday,0,1,3.0,3.0,0.5,6.0,3.0,3.0,3.02,2.74,7.56,6.0,6.01,6.05,AMBER,0.6,2.4,21.0,Go now,1
SYN_dinner_2026-09-23,2026-09-23 19:35:00,Veg Biryani (special),dinner,Wednesday,24,0,0.0,0.0,5.4,0.0,0.06,0.0,0.0,0.0,14.58,0.01,0.0,0.0,GREEN,6.1,6.1,0.0,Go now,1
SYN_dinner_2026-09-23,2026-09-23 19:40:00,Veg Biryani (special),dinner,Wednesday,34,0,0.0,0.0,6.2,0.0,0.0,0.0,0.0,0.0,2.53,0.0,0.0,0.0,GREEN,4.9,4.9,0.0,Go now,1
SYN_dinner_2026-09-23,2026-09-23 19:45:00,Veg Biryani (special),dinner,Wednesday,29,0,0.0,0.0,6.07,0.0,0.0,0.0,0.1,0.0,4.7,0.0,0.0,0.02,GREEN,1.6,1.6,0.0,Go now,1
SYN_dinner_2026-09-23,2026-09-23 19:50:00,Veg Biryani (special),dinner,Wednesday,22,4,0.0,0.0,5.73,0.0,0.0,0.07,1.18,0.0,8.15,0.0,0.01,0.21,GREEN,3.33,3.3,0.0,Go now,1
SYN_dinner_2026-09-23,2026-09-23 19:55:00,Veg Biryani (special),dinner,Wednesday,10,18,0.0,0.0,4.2,0.0,0.02,0.38,0.48,0.0,14.19,0.01,0.09,0.11,GREEN,4.97,5.0,0.0,Go now,1
SYN_dinner_2026-09-23,2026-09-23 20:00:00,Veg Biryani (special),dinner,Wednesday,7,31,0.0,0.0,2.73,0.0,0.03,0.32,0.49,0.0,8.31,0.01,0.12,0.18,GREEN,6.77,6.8,0.0,Go now,1
SYN_dinner_2026-09-23,2026-09-23 20:05:00,Veg Biryani (special),dinner,Wednesday,38,30,38.0,38.0,1.27,30.0,37.57,38.61,36.93,32.31,42.17,29.66,30.48,29.16,RED,9.43,9.4,644.0,Go now,1
SYN_dinner_2026-09-23,2026-09-23 20:10:00,Veg Biryani (special),dinner,Wednesday,30,24,37.0,37.0,2.53,14.61,36.73,36.51,35.33,33.48,40.82,14.5,14.41,13.95,RED,10.91,10.9,331.0,Go now,1
SYN_dinner_2026-09-23,2026-09-23 20:15:00,Veg Biryani (special),dinner,Wednesday,47,12,47.0,47.0,4.53,10.37,44.58,45.12,45.06,37.27,51.4,9.83,9.95,9.94,RED,9.02,9.0,99.0,Go now,1
SYN_dinner_2026-09-23,2026-09-23 20:20:00,Veg Biryani (special),dinner,Wednesday,23,19,36.0,36.0,6.8,5.29,35.97,35.87,36.1,22.6,47.65,5.29,5.27,5.31,AMBER,7.22,7.2,6.0,Go now,1
SYN_dinner_2026-09-23,2026-09-23 20:25:00,Veg Biryani (special),dinner,Wednesday,32,27,35.0,35.0,6.93,5.05,34.96,35.11,35.86,31.49,46.53,5.04,5.06,5.17,AMBER,7.28,7.3,5.0,Go now,1
SYN_dinner_2026-09-23,2026-09-23 20:30:00,Veg Biryani (special),dinner,Wednesday,36,29,33.0,33.0,7.0,4.71,33.07,33.25,33.16,28.78,42.41,4.72,4.75,4.74,AMBER,7.35,7.3,5.0,Go now,1
SYN_dinner_2026-09-23,2026-09-23 20:35:00,Veg Biryani (special),dinner,Wednesday,30,38,33.0,33.0,6.73,4.9,32.99,33.25,33.56,31.54,51.17,4.9,4.94,4.98,AMBER,6.9,6.9,2.0,Go now,1
SYN_dinner_2026-09-23,2026-09-23 20:40:00,Veg Biryani (special),dinner,Wednesday,31,28,35.0,35.0,6.47,5.41,34.81,34.87,35.03,32.9,59.85,5.38,5.39,5.42,AMBER,7.01,7.0,8.0,Go now,1
SYN_dinner_2026-09-23,2026-09-23 20:45:00,Veg Biryani (special),dinner,Wednesday,37,35,35.0,35.0,6.4,5.47,34.18,34.6,35.14,31.79,55.42,5.34,5.41,5.49,AMBER,7.03,7.0,10.0,Go now,1
SYN_dinner_2026-09-23,2026-09-23 20:50:00,Veg Biryani (special),dinner,Wednesday,35,33,36.0,36.0,6.67,5.4,34.89,35.5,36.15,32.47,53.04,5.23,5.33,5.42,AMBER,7.23,7.2,8.0,Go now,1
SYN_dinner_2026-09-23,2026-09-23 20:55:00,Veg Biryani (special),dinner,Wednesday,24,30,31.0,31.0,6.67,4.65,31.01,31.05,31.37,29.35,44.79,4.65,4.66,4.71,AMBER,6.27,6.3,0.0,Go now,1
SYN_dinner_2026-09-23,2026-09-23 21:00:00,Veg Biryani (special),dinner,Wednesday,30,30,32.0,32.0,6.13,5.22,31.88,32.03,32.56,29.89,47.54,5.2,5.22,5.31,AMBER,6.51,6.5,6.0,Go now,1
SYN_dinner_2026-09-23,2026-09-23 21:05:00,Veg Biryani (special),dinner,Wednesday,29,39,61.0,61.0,3.87,15.78,60.52,61.9,59.57,55.65,70.86,15.65,16.01,15.41,RED,12.38,12.4,220.0,Go now,1
SYN_dinner_2026-09-23,2026-09-23 21:10:00,Veg Biryani (special),dinner,Wednesday,25,38,61.0,61.0,3.6,16.94,60.94,60.32,59.92,58.19,72.05,16.93,16.76,16.64,RED,16.09,16.1,347.0,Go now,1
SYN_dinner_2026-09-23,2026-09-23 21:15:00,Veg Biryani (special),dinner,Wednesday,36,26,63.0,63.0,3.93,16.02,61.85,61.74,62.6,57.85,73.14,15.72,15.7,15.92,RED,12.52,12.5,218.0,Go now,1
SYN_dinner_2026-09-23,2026-09-23 21:20:00,Veg Biryani (special),dinner,Wednesday,37,24,65.0,65.0,6.27,10.37,63.24,63.09,68.78,63.56,82.27,10.09,10.07,10.98,RED,13.76,13.8,120.0,Go now,1
SYN_dinner_2026-09-23,2026-09-23 21:25:00,Veg Biryani (special),dinner,Wednesday,38,32,66.0,66.0,7.07,9.34,65.59,70.83,65.97,60.57,77.46,9.28,10.02,9.34,RED,14.17,14.2,100.0,Go now,1
SYN_dinner_2026-09-23,2026-09-23 21:30:00,Veg Biryani (special),dinner,Wednesday,35,25,65.0,65.0,7.2,9.03,67.93,65.87,63.64,60.11,68.5,9.44,9.15,8.84,RED,15.99,16.0,122.0,Go now,1
SYN_dinner_2026-09-23,2026-09-23 21:35:00,Veg Biryani (special),dinner,Wednesday,40,38,66.0,66.0,7.47,8.84,65.62,63.55,64.36,59.64,66.25,8.79,8.51,8.62,RED,13.12,13.1,76.0,Go now,1
SYN_dinner_2026-09-23,2026-09-23 21:40:00,Veg Biryani (special),dinner,Wednesday,35,34,63.0,63.0,7.53,8.36,62.83,62.94,61.65,56.8,62.66,8.34,8.36,8.18,RED,12.59,12.6,67.0,Go now,1
SYN_dinner_2026-09-23,2026-09-23 21:45:00,Veg Biryani (special),dinner,Wednesday,15,37,63.0,63.0,6.13,10.27,63.04,63.0,63.09,60.85,63.09,10.28,10.27,10.29,RED,12.62,12.6,106.0,Go now,1
SYN_dinner_2026-09-23,2026-09-23 21:50:00,Veg Biryani (special),dinner,Wednesday,0,42,63.0,63.0,3.53,17.83,63.08,63.03,63.15,61.47,63.15,17.85,17.84,17.87,RED,12.63,12.6,257.0,Go now,1
SYN_dinner_2026-09-23,2026-09-23 21:55:00,Veg Biryani (special),dinner,Wednesday,0,42,63.0,63.0,1.0,63.0,63.09,62.98,63.02,61.51,63.28,63.09,62.98,63.02,RED,12.62,12.6,1162.0,Go now,1
SYN_dinner_2026-09-23,2026-09-23 22:00:00,Veg Biryani (special),dinner,Wednesday,0,22,63.0,63.0,0.5,126.0,63.08,63.0,63.07,61.46,63.07,126.17,126.0,126.14,RED,12.62,12.6,2423.0,Go now,1
SYN_dinner_2026-09-23,2026-09-23 22:05:00,Veg Biryani (special),dinner,Wednesday,0,16,63.0,63.0,0.5,126.0,63.08,63.0,63.07,61.23,63.36,126.17,126.0,126.15,RED,12.62,12.6,2423.0,Go now,1
SYN_dinner_2026-09-23,2026-09-23 22:10:00,Veg Biryani (special),dinner,Wednesday,0,6,63.0,63.0,0.5,126.0,63.08,63.02,63.07,61.04,68.77,126.16,126.03,126.14,RED,12.62,12.6,2423.0,Go now,1
SYN_breakfast_2026-09-24,2026-09-24 07:20:00,Poha,breakfast,Thursday,5,0,0.0,0.0,1.2,0.0,0.11,0.23,2.08,0.0,3.19,0.09,0.19,1.74,GREEN,1.1,1.1,0.0,Go now,1
SYN_breakfast_2026-09-24,2026-09-24 07:25:00,Poha,breakfast,Thursday,4,0,0.0,0.0,1.0,0.0,0.11,0.51,2.17,0.0,8.04,0.11,0.51,2.17,GREEN,1.23,1.2,0.0,Go now,1
SYN_breakfast_2026-09-24,2026-09-24 07:30:00,Poha,breakfast,Thursday,4,0,1.0,1.0,0.87,1.15,1.19,1.38,2.68,0.27,9.03,1.37,1.59,3.09,AMBER,1.37,1.4,58.0,Go now,1
SYN_breakfast_2026-09-24,2026-09-24 07:35:00,Poha,breakfast,Thursday,4,0,2.0,2.0,0.67,3.0,2.25,2.53,3.67,0.69,15.77,3.37,3.8,5.5,AMBER,2.32,2.3,248.0,Go now,1
SYN_breakfast_2026-09-24,2026-09-24 07:40:00,Poha,breakfast,Thursday,3,4,2.0,2.0,0.6,3.33,2.19,2.47,4.25,0.62,12.29,3.65,4.11,7.08,AMBER,2.95,2.9,392.0,Go now,1
SYN_breakfast_2026-09-24,2026-09-24 07:45:00,Poha,breakfast,Thursday,4,4,1.0,1.0,0.73,1.36,1.04,1.52,2.74,0.78,13.35,1.42,2.07,3.73,AMBER,3.33,3.3,355.0,Go now,1
SYN_breakfast_2026-09-24,2026-09-24 07:50:00,Poha,breakfast,Thursday,17,5,2.0,2.0,1.6,1.25,2.0,2.13,3.24,0.94,8.28,1.25,1.33,2.03,GREEN,3.3,3.3,0.0,Go now,1
SYN_breakfast_2026-09-24,2026-09-24 07:55:00,Poha,breakfast,Thursday,12,3,14.0,14.0,1.4,10.0,13.33,13.5,14.84,7.9,22.15,9.52,9.64,10.6,RED,4.22,4.2,202.0,Go now,1
SYN_breakfast_2026-09-24,2026-09-24 08:00:00,Poha,breakfast,Thursday,24,6,15.0,15.0,2.6,5.77,14.5,14.96,14.59,10.76,23.26,5.58,5.75,5.61,AMBER,4.1,4.1,58.0,Go now,1
SYN_breakfast_2026-09-24,2026-09-24 08:05:00,Poha,breakfast,Thursday,27,5,15.0,15.0,3.33,4.5,14.5,14.89,14.33,9.79,25.28,4.35,4.47,4.3,AMBER,4.55,4.5,36.0,Go now,1
SYN_breakfast_2026-09-24,2026-09-24 08:10:00,Poha,breakfast,Thursday,30,10,14.0,14.0,5.4,2.59,13.99,13.95,13.97,11.24,23.53,2.59,2.58,2.59,GREEN,4.9,4.9,0.0,Go now,1
SYN_breakfast_2026-09-24,2026-09-24 08:15:00,Poha,breakfast,Thursday,15,19,13.0,13.0,4.93,2.64,13.07,13.0,13.18,10.9,22.93,2.65,2.63,2.67,GREEN,5.73,5.7,0.0,Go now,1
SYN_breakfast_2026-09-24,2026-09-24 08:20:00,Poha,breakfast,Thursday,25,14,13.0,13.0,4.8,2.71,13.0,13.01,14.25,11.05,21.43,2.71,2.71,2.97,GREEN,7.07,7.1,0.0,Go now,1
SYN_breakfast_2026-09-24,2026-09-24 08:25:00,Poha,breakfast,Thursday,31,28,13.0,13.0,4.8,2.71,13.04,13.45,14.26,11.69,28.52,2.72,2.8,2.97,GREEN,8.3,8.3,0.0,Go now,1
SYN_breakfast_2026-09-24,2026-09-24 08:30:00,Poha,breakfast,Thursday,29,27,12.0,12.0,5.73,2.09,12.33,12.53,21.57,12.3,47.03,2.15,2.19,3.76,AMBER,10.23,10.2,78.0,Go now,1
SYN_breakfast_2026-09-24,2026-09-24 08:35:00,Poha,breakfast,Thursday,44,24,11.0,11.0,7.07,1.56,10.21,15.44,38.11,15.41,70.67,1.45,2.18,5.39,AMBER,13.35,13.4,89.0,Go now,1
SYN_breakfast_2026-09-24,2026-09-24 08:40:00,Poha,breakfast,Thursday,50,20,12.0,12.0,8.27,1.45,20.85,36.68,58.89,15.41,90.58,2.52,4.44,7.12,AMBER,17.47,17.5,111.0,Go now,1
SYN_breakfast_2026-09-24,2026-09-24 08:45:00,Poha,breakfast,Thursday,87,32,29.0,29.0,10.93,2.65,48.46,63.01,43.59,16.94,82.02,4.43,5.76,3.99,AMBER,18.93,18.9,73.0,Go now,1
SYN_breakfast_2026-09-24,2026-09-24 08:50:00,Poha,breakfast,Thursday,65,32,30.0,30.0,12.2,2.46,41.04,19.73,9.61,7.05,65.08,3.36,1.62,0.79,AMBER,18.5,18.5,52.0,Go now,1
SYN_breakfast_2026-09-24,2026-09-24 08:55:00,Poha,breakfast,Thursday,78,44,37.0,37.0,13.67,2.71,23.28,11.37,12.01,0.0,50.07,1.7,0.83,0.88,GREEN,8.7,8.7,0.0,Go now,1
SYN_breakfast_2026-09-24,2026-09-24 09:00:00,Poha,breakfast,Thursday,52,51,19.0,19.0,13.67,1.39,9.65,6.89,7.68,0.0,24.22,0.71,0.5,0.56,GREEN,11.7,11.7,0.0,Go now,1
SYN_breakfast_2026-09-24,2026-09-24 09:05:00,Poha,breakfast,Thursday,48,64,12.0,12.0,13.07,0.92,7.69,4.92,4.08,0.0,12.25,0.59,0.38,0.31,GREEN,7.9,7.9,0.0,Go now,1
SYN_breakfast_2026-09-24,2026-09-24 09:10:00,Poha,breakfast,Thursday,46,77,12.0,12.0,11.4,1.05,8.31,5.28,2.52,0.0,13.31,0.73,0.46,0.22,GREEN,3.9,3.9,0.0,Go now,1
SYN_breakfast_2026-09-24,2026-09-24 09:15:00,Poha,breakfast,Thursday,21,66,12.0,12.0,8.13,1.48,12.02,10.69,12.17,5.58,13.09,1.48,1.31,1.5,GREEN,2.43,2.4,0.0,Go now,1
SYN_breakfast_2026-09-24,2026-09-24 09:20:00,Poha,breakfast,Thursday,10,68,12.0,12.0,5.13,2.34,11.99,12.02,11.99,9.32,12.92,2.34,2.34,2.34,GREEN,2.4,2.4,0.0,Go now,1
SYN_breakfast_2026-09-24,2026-09-24 09:25:00,Poha,breakfast,Thursday,1,57,12.0,12.0,2.13,5.62,12.0,12.07,11.99,9.88,12.41,5.63,5.66,5.62,AMBER,2.41,2.4,13.0,Go now,1
SYN_breakfast_2026-09-24,2026-09-24 09:30:00,Poha,breakfast,Thursday,0,41,12.0,12.0,0.73,16.36,12.01,12.04,12.11,9.87,12.21,16.38,16.42,16.51,RED,2.42,2.4,230.0,Go now,1
SYN_breakfast_2026-09-24,2026-09-24 09:35:00,Poha,breakfast,Thursday,0,24,12.0,12.0,0.5,24.0,12.0,12.0,12.19,9.76,12.19,24.0,24.0,24.38,RED,2.44,2.4,388.0,Go now,1
SYN_breakfast_2026-09-24,2026-09-24 09:40:00,Poha,breakfast,Thursday,0,7,12.0,12.0,0.5,24.0,12.0,12.0,11.98,9.52,17.3,24.0,24.0,23.96,RED,2.4,2.4,380.0,Go now,1
SYN_breakfast_2026-09-24,2026-09-24 09:45:00,Poha,breakfast,Thursday,0,4,12.0,12.0,0.5,24.0,12.0,12.0,12.03,9.47,17.31,24.0,24.0,24.06,RED,2.41,2.4,381.0,Go now,1
SYN_lunch_2026-09-24,2026-09-24 12:05:00,Rice/Dal/Roti,lunch,Thursday,10,0,0.0,0.0,2.0,0.0,0.0,0.04,0.03,0.0,10.34,0.0,0.02,0.02,GREEN,4.4,17.6,0.0,Go now,1
SYN_lunch_2026-09-24,2026-09-24 12:10:00,Rice/Dal/Roti,lunch,Thursday,19,0,0.0,0.0,2.9,0.0,0.0,0.04,0.05,0.0,4.99,0.0,0.01,0.02,GREEN,4.07,16.3,0.0,Go now,1
SYN_lunch_2026-09-24,2026-09-24 12:15:00,Rice/Dal/Roti,lunch,Thursday,18,0,0.0,0.0,3.13,0.0,0.0,0.0,0.03,0.0,2.82,0.0,0.0,0.01,GREEN,4.6,18.4,0.0,Go now,1
SYN_lunch_2026-09-24,2026-09-24 12:20:00,Rice/Dal/Roti,lunch,Thursday,31,2,0.0,0.0,4.53,0.0,0.01,0.0,0.0,0.0,7.77,0.0,0.0,0.0,GREEN,3.7,14.8,0.0,Go now,1
SYN_lunch_2026-09-24,2026-09-24 12:25:00,Rice/Dal/Roti,lunch,Thursday,26,12,0.0,0.0,5.0,0.0,0.0,0.01,0.89,0.0,6.21,0.0,0.0,0.18,GREEN,6.0,24.0,0.0,Go now,1
SYN_lunch_2026-09-24,2026-09-24 12:30:00,Rice/Dal/Roti,lunch,Thursday,27,10,0.0,0.0,5.6,0.0,0.01,0.25,6.68,0.01,14.52,0.0,0.04,1.19,GREEN,7.43,29.7,0.0,Go now,1
SYN_lunch_2026-09-24,2026-09-24 12:35:00,Rice/Dal/Roti,lunch,Thursday,21,27,0.0,0.0,4.93,0.0,0.5,10.22,29.71,0.58,58.41,0.1,2.07,6.02,AMBER,11.37,45.5,130.0,Go now,1
SYN_lunch_2026-09-24,2026-09-24 12:40:00,Rice/Dal/Roti,lunch,Thursday,38,31,0.0,0.0,5.73,0.0,2.46,25.56,46.12,1.51,80.44,0.43,4.46,8.04,RED,15.56,62.3,171.0,Go now,1
SYN_lunch_2026-09-24,2026-09-24 12:45:00,Rice/Dal/Roti,lunch,Thursday,48,24,8.0,8.0,6.6,1.21,32.07,56.08,64.86,15.21,123.98,4.86,8.5,9.83,RED,18.19,72.8,176.0,Go now,1
SYN_lunch_2026-09-24,2026-09-24 12:50:00,Rice/Dal/Roti,lunch,Thursday,59,31,20.0,20.0,8.33,2.4,51.05,57.26,54.27,5.3,97.35,6.13,6.87,6.51,AMBER,17.91,71.6,115.0,Go now,1
SYN_lunch_2026-09-24,2026-09-24 12:55:00,Rice/Dal/Roti,lunch,Thursday,92,22,64.0,64.0,9.0,7.11,91.1,78.15,65.0,30.9,88.09,10.12,8.68,7.22,RED,23.92,95.7,166.0,Go now,1
SYN_lunch_2026-09-24,2026-09-24 13:00:00,Rice/Dal/Roti,lunch,Thursday,79,37,95.0,95.0,9.53,9.97,93.23,74.81,62.78,46.35,93.19,9.78,7.85,6.59,RED,18.65,74.6,96.0,Come in ~15 min,1
SYN_lunch_2026-09-24,2026-09-24 13:05:00,Rice/Dal/Roti,lunch,Thursday,37,32,85.0,85.0,9.53,8.92,78.85,61.45,51.88,32.96,86.47,8.27,6.45,5.44,RED,15.77,63.1,65.0,Come in ~15 min,1
SYN_lunch_2026-09-24,2026-09-24 13:10:00,Rice/Dal/Roti,lunch,Thursday,39,42,78.0,78.0,9.4,8.3,67.9,61.47,55.81,32.88,77.35,7.22,6.54,5.94,AMBER,13.58,54.3,44.0,Come in ~15 min,1
SYN_lunch_2026-09-24,2026-09-24 13:15:00,Rice/Dal/Roti,lunch,Thursday,39,61,70.0,70.0,9.33,7.5,65.56,61.5,63.01,41.74,74.18,7.02,6.59,6.75,AMBER,13.11,52.5,40.0,Go now,1
SYN_lunch_2026-09-24,2026-09-24 13:20:00,Rice/Dal/Roti,lunch,Thursday,41,38,65.0,65.0,9.27,7.01,60.69,53.42,59.07,37.28,67.43,6.55,5.77,6.37,AMBER,12.14,48.6,31.0,Go now,1
SYN_lunch_2026-09-24,2026-09-24 13:25:00,Rice/Dal/Roti,lunch,Thursday,32,46,53.0,53.0,9.13,5.8,49.84,44.22,48.45,23.74,57.48,5.46,4.84,5.31,AMBER,9.97,39.9,9.0,Go now,1
SYN_lunch_2026-09-24,2026-09-24 13:30:00,Rice/Dal/Roti,lunch,Thursday,40,51,45.0,45.0,9.2,4.89,40.92,34.92,39.02,25.49,46.9,4.45,3.8,4.24,AMBER,8.18,32.7,0.0,Go now,1
SYN_lunch_2026-09-24,2026-09-24 13:35:00,Rice/Dal/Roti,lunch,Thursday,38,44,83.0,83.0,6.13,13.53,78.94,75.09,79.45,61.77,93.98,12.87,12.24,12.95,RED,15.89,63.6,159.0,Go now,1
SYN_lunch_2026-09-24,2026-09-24 13:40:00,Rice/Dal/Roti,lunch,Thursday,24,51,59.0,59.0,6.4,9.22,53.29,59.11,62.31,28.02,79.71,8.33,9.24,9.74,RED,12.46,49.8,95.0,Go now,1
SYN_lunch_2026-09-24,2026-09-24 13:45:00,Rice/Dal/Roti,lunch,Thursday,55,45,65.0,65.0,6.47,10.05,67.33,72.67,62.52,53.25,87.49,10.41,11.24,9.67,RED,14.53,58.1,125.0,Go now,1
SYN_lunch_2026-09-24,2026-09-24 13:50:00,Rice/Dal/Roti,lunch,Thursday,41,44,56.0,56.0,9.8,5.71,55.46,49.03,50.11,42.13,55.75,5.66,5.0,5.11,AMBER,11.89,47.6,21.0,Go now,1
SYN_lunch_2026-09-24,2026-09-24 13:55:00,Rice/Dal/Roti,lunch,Thursday,46,50,52.0,52.0,9.93,5.23,44.98,42.44,40.67,26.21,49.9,4.53,4.27,4.09,AMBER,9.0,36.0,0.0,Go now,1
SYN_lunch_2026-09-24,2026-09-24 14:00:00,Rice/Dal/Roti,lunch,Thursday,42,47,50.0,50.0,9.6,5.21,45.83,46.1,47.91,33.11,50.5,4.77,4.8,4.99,AMBER,9.58,38.3,0.0,Go now,1
SYN_lunch_2026-09-24,2026-09-24 14:05:00,Rice/Dal/Roti,lunch,Thursday,0,58,50.0,50.0,6.27,7.98,50.0,50.06,50.0,48.83,50.06,7.98,7.99,7.98,AMBER,10.01,40.0,60.0,Go now,1
SYN_lunch_2026-09-24,2026-09-24 14:10:00,Rice/Dal/Roti,lunch,Thursday,0,46,50.0,50.0,2.93,17.05,50.0,50.0,49.99,48.64,50.02,17.05,17.04,17.04,RED,10.0,40.0,241.0,Go now,1
SYN_lunch_2026-09-24,2026-09-24 14:15:00,Rice/Dal/Roti,lunch,Thursday,0,36,50.0,50.0,0.5,100.0,50.0,50.0,49.99,48.79,50.0,100.0,100.0,99.98,RED,10.0,40.0,1900.0,Go now,1
SYN_lunch_2026-09-24,2026-09-24 14:20:00,Rice/Dal/Roti,lunch,Thursday,0,42,50.0,50.0,0.5,100.0,50.0,50.0,50.0,48.81,50.0,100.0,100.0,100.0,RED,10.0,40.0,1900.0,Go now,1
SYN_lunch_2026-09-24,2026-09-24 14:25:00,Rice/Dal/Roti,lunch,Thursday,0,10,50.0,50.0,0.5,100.0,50.0,50.0,49.99,48.47,49.99,100.0,100.0,99.98,RED,10.0,40.0,1900.0,Go now,1
SYN_lunch_2026-09-24,2026-09-24 14:30:00,Rice/Dal/Roti,lunch,Thursday,0,2,50.0,50.0,0.5,100.0,50.0,50.0,50.02,48.42,55.16,100.0,100.0,100.04,RED,10.0,40.0,1901.0,Go now,1
SYN_lunch_2026-09-24,2026-09-24 14:35:00,Rice/Dal/Roti,lunch,Thursday,0,1,50.0,50.0,0.5,100.0,50.0,50.0,50.02,48.15,55.16,100.0,100.0,100.04,RED,10.0,40.0,1901.0,Go now,1
SYN_dinner_2026-09-24,2026-09-24 19:35:00,Roti/Sabzi,dinner,Thursday,5,0,1.0,1.0,0.8,1.25,1.0,1.04,0.97,0.52,3.32,1.25,1.29,1.21,GREEN,1.15,4.6,0.0,Go now,1
SYN_dinner_2026-09-24,2026-09-24 19:40:00,Roti/Sabzi,dinner,Thursday,3,0,1.0,1.0,0.7,1.43,1.0,1.16,1.37,0.61,5.08,1.43,1.66,1.96,GREEN,0.9,3.6,0.0,Go now,1
SYN_dinner_2026-09-24,2026-09-24 19:45:00,Roti/Sabzi,dinner,Thursday,6,0,1.0,1.0,0.87,1.15,1.01,1.14,1.16,0.13,4.39,1.17,1.31,1.34,GREEN,1.1,4.4,0.0,Go now,1
SYN_dinner_2026-09-24,2026-09-24 19:50:00,Roti/Sabzi,dinner,Thursday,7,3,8.0,8.0,0.6,13.33,7.81,7.82,6.89,3.43,17.69,13.02,13.04,11.49,RED,1.68,6.7,180.0,Go now,1
SYN_dinner_2026-09-24,2026-09-24 19:55:00,Roti/Sabzi,dinner,Thursday,2,1,8.0,8.0,0.53,15.0,7.89,8.32,6.56,5.58,16.69,14.79,15.61,12.31,RED,4.72,18.9,784.0,Come in ~15 min,1
SYN_dinner_2026-09-24,2026-09-24 20:00:00,Roti/Sabzi,dinner,Thursday,6,5,8.0,8.0,0.53,15.0,8.11,8.24,6.56,5.64,16.24,15.2,15.44,12.3,RED,7.31,29.2,1270.0,Come in ~15 min,1
SYN_dinner_2026-09-24,2026-09-24 20:05:00,Roti/Sabzi,dinner,Thursday,33,8,8.0,8.0,2.73,2.93,7.96,7.99,7.92,6.57,11.73,2.91,2.92,2.9,GREEN,6.7,26.8,0.0,Go now,1
SYN_dinner_2026-09-24,2026-09-24 20:10:00,Roti/Sabzi,dinner,Thursday,37,4,8.0,8.0,5.07,1.58,7.97,8.0,9.38,6.7,13.2,1.57,1.58,1.85,GREEN,7.03,28.1,0.0,Go now,1
SYN_dinner_2026-09-24,2026-09-24 20:15:00,Roti/Sabzi,dinner,Thursday,31,4,8.0,8.0,6.73,1.19,8.0,8.52,8.16,7.43,13.5,1.19,1.27,1.21,GREEN,7.3,29.2,0.0,Go now,1
SYN_dinner_2026-09-24,2026-09-24 20:20:00,Roti/Sabzi,dinner,Thursday,24,10,8.0,8.0,6.13,1.3,8.14,7.92,7.94,7.29,12.87,1.33,1.29,1.3,GREEN,8.5,34.0,0.0,Go now,1
SYN_dinner_2026-09-24,2026-09-24 20:25:00,Roti/Sabzi,dinner,Thursday,29,36,7.0,7.0,5.67,1.24,7.03,7.05,7.29,6.42,24.35,1.24,1.24,1.29,GREEN,6.87,27.5,0.0,Go now,1
SYN_dinner_2026-09-24,2026-09-24 20:30:00,Roti/Sabzi,dinner,Thursday,34,30,7.0,7.0,5.87,1.19,7.0,7.28,6.82,6.15,10.83,1.19,1.24,1.16,GREEN,7.15,28.6,0.0,Go now,1
SYN_dinner_2026-09-24,2026-09-24 20:35:00,Roti/Sabzi,dinner,Thursday,36,27,8.0,8.0,6.6,1.21,7.95,8.1,9.52,7.0,20.15,1.2,1.23,1.44,GREEN,7.67,30.7,0.0,Go now,1
SYN_dinner_2026-09-24,2026-09-24 20:40:00,Roti/Sabzi,dinner,Thursday,35,21,7.0,7.0,7.0,1.0,7.02,7.55,7.67,4.89,20.87,1.0,1.08,1.1,GREEN,7.57,30.3,0.0,Go now,1
SYN_dinner_2026-09-24,2026-09-24 20:45:00,Roti/Sabzi,dinner,Thursday,36,33,7.0,7.0,7.13,0.98,7.02,7.16,8.52,5.32,23.3,0.98,1.0,1.19,GREEN,7.87,31.5,0.0,Go now,1
SYN_dinner_2026-09-24,2026-09-24 20:50:00,Roti/Sabzi,dinner,Thursday,31,36,7.0,7.0,6.87,1.02,6.99,7.29,6.88,5.65,22.01,1.02,1.06,1.0,GREEN,7.65,30.6,0.0,Go now,1
SYN_dinner_2026-09-24,2026-09-24 20:55:00,Roti/Sabzi,dinner,Thursday,32,33,7.0,7.0,6.6,1.06,6.96,7.12,11.83,8.06,21.8,1.06,1.08,1.79,GREEN,7.97,31.9,0.0,Go now,1
SYN_dinner_2026-09-24,2026-09-24 21:00:00,Roti/Sabzi,dinner,Thursday,45,38,8.0,8.0,7.13,1.12,5.37,13.98,15.15,7.83,38.59,0.75,1.96,2.12,GREEN,8.77,35.1,0.0,Go now,1
SYN_dinner_2026-09-24,2026-09-24 21:05:00,Roti/Sabzi,dinner,Thursday,43,35,12.0,12.0,7.67,1.57,17.26,23.67,32.69,10.24,62.87,2.25,3.09,4.26,AMBER,10.63,42.5,39.0,Go now,1
SYN_dinner_2026-09-24,2026-09-24 21:10:00,Roti/Sabzi,dinner,Thursday,49,36,17.0,17.0,8.47,2.01,24.28,27.94,26.26,9.64,64.13,2.87,3.3,3.1,AMBER,11.15,44.6,32.0,Go now,1
SYN_dinner_2026-09-24,2026-09-24 21:15:00,Roti/Sabzi,dinner,Thursday,49,38,21.0,21.0,8.53,2.46,30.03,21.83,21.55,9.12,70.63,3.52,2.56,2.53,AMBER,11.9,47.6,39.0,Go now,1
SYN_dinner_2026-09-24,2026-09-24 21:20:00,Roti/Sabzi,dinner,Thursday,51,32,26.0,26.0,9.0,2.89,24.0,28.18,27.63,13.46,74.82,2.67,3.13,3.07,AMBER,9.7,38.8,8.0,Go now,1
SYN_dinner_2026-09-24,2026-09-24 21:25:00,Roti/Sabzi,dinner,Thursday,49,41,27.0,27.0,9.27,2.91,32.83,29.29,27.16,17.71,60.29,3.54,3.16,2.93,AMBER,10.3,41.2,11.0,Go now,1
SYN_dinner_2026-09-24,2026-09-24 21:30:00,Roti/Sabzi,dinner,Thursday,51,44,32.0,32.0,9.33,3.43,36.63,23.37,12.59,12.59,34.94,3.92,2.5,1.35,AMBER,10.7,42.8,15.0,Come in ~15 min,1
SYN_dinner_2026-09-24,2026-09-24 21:35:00,Roti/Sabzi,dinner,Thursday,59,51,46.0,46.0,9.27,4.96,41.01,31.45,23.97,7.64,41.26,4.43,3.39,2.59,AMBER,8.5,34.0,0.0,Come in ~15 min,1
SYN_dinner_2026-09-24,2026-09-24 21:40:00,Roti/Sabzi,dinner,Thursday,29,43,30.0,30.0,9.07,3.31,25.44,20.31,15.62,0.41,31.07,2.81,2.24,1.72,GREEN,5.09,20.4,0.0,Go now,1
SYN_dinner_2026-09-24,2026-09-24 21:45:00,Roti/Sabzi,dinner,Thursday,12,41,6.0,6.0,8.4,0.71,5.26,4.99,4.73,0.0,6.53,0.63,0.59,0.56,GREEN,1.05,4.2,0.0,Go now,1
SYN_dinner_2026-09-24,2026-09-24 21:50:00,Roti/Sabzi,dinner,Thursday,0,49,6.0,6.0,5.4,1.11,5.17,6.0,5.78,5.18,5.99,0.96,1.11,1.07,GREEN,1.2,4.8,0.0,Go now,1
SYN_dinner_2026-09-24,2026-09-24 21:55:00,Roti/Sabzi,dinner,Thursday,0,44,6.0,6.0,2.4,2.5,5.18,5.98,6.02,5.71,6.02,2.16,2.49,2.51,GREEN,1.2,4.8,0.0,Go now,1
SYN_dinner_2026-09-24,2026-09-24 22:00:00,Roti/Sabzi,dinner,Thursday,0,42,6.0,6.0,0.5,12.0,6.0,6.0,6.0,5.68,6.24,12.0,12.0,12.01,RED,1.2,4.8,140.0,Go now,1
SYN_dinner_2026-09-24,2026-09-24 22:05:00,Roti/Sabzi,dinner,Thursday,0,28,6.0,6.0,0.5,12.0,6.0,6.0,5.99,5.63,6.0,12.0,12.0,11.99,RED,1.2,4.8,140.0,Go now,1
SYN_dinner_2026-09-24,2026-09-24 22:10:00,Roti/Sabzi,dinner,Thursday,0,10,6.0,6.0,0.5,12.0,6.0,6.0,5.99,5.29,6.33,12.0,12.0,11.98,RED,1.2,4.8,140.0,Go now,1
SYN_dinner_2026-09-24,2026-09-24 22:15:00,Roti/Sabzi,dinner,Thursday,0,1,6.0,6.0,0.5,12.0,6.0,6.0,6.02,5.01,10.95,12.0,12.0,12.05,RED,1.2,4.8,141.0,Go now,1
SYN_breakfast_2026-09-25,2026-09-25 07:20:00,Dosa,breakfast,Friday,3,0,1.0,1.0,0.5,2.0,1.02,1.03,1.35,0.44,4.6,2.04,2.07,2.7,GREEN,1.13,2.3,0.0,Go now,1
SYN_breakfast_2026-09-25,2026-09-25 07:25:00,Dosa,breakfast,Friday,8,0,0.0,0.0,1.1,0.0,0.0,0.05,0.16,0.0,1.26,0.0,0.05,0.15,GREEN,1.13,2.3,0.0,Go now,1
SYN_breakfast_2026-09-25,2026-09-25 07:30:00,Dosa,breakfast,Friday,3,0,0.0,0.0,1.0,0.0,0.03,0.0,0.14,0.0,1.37,0.03,0.0,0.14,GREEN,1.03,2.1,0.0,Go now,1
SYN_breakfast_2026-09-25,2026-09-25 07:35:00,Dosa,breakfast,Friday,3,1,0.0,0.0,1.07,0.0,0.06,0.0,0.13,0.0,2.46,0.06,0.0,0.12,GREEN,1.6,3.2,0.0,Go now,1
SYN_breakfast_2026-09-25,2026-09-25 07:40:00,Dosa,breakfast,Friday,4,5,4.0,4.0,0.5,8.0,4.06,4.38,4.37,0.04,18.14,8.13,8.76,8.74,RED,2.14,4.3,328.0,Go now,1
SYN_breakfast_2026-09-25,2026-09-25 07:45:00,Dosa,breakfast,Friday,11,3,4.0,4.0,0.93,4.29,4.07,3.98,4.02,0.73,9.92,4.37,4.27,4.3,AMBER,2.9,5.8,211.0,Go now,1
SYN_breakfast_2026-09-25,2026-09-25 07:50:00,Dosa,breakfast,Friday,16,5,4.0,4.0,1.8,2.22,4.0,3.58,3.81,1.87,6.97,2.22,1.99,2.11,GREEN,3.7,7.4,0.0,Go now,1
SYN_breakfast_2026-09-25,2026-09-25 07:55:00,Dosa,breakfast,Friday,19,2,5.0,5.0,3.0,1.67,5.03,5.02,5.02,4.11,9.36,1.68,1.67,1.67,GREEN,3.3,6.6,0.0,Go now,1
SYN_breakfast_2026-09-25,2026-09-25 08:00:00,Dosa,breakfast,Friday,27,9,4.0,4.0,4.13,0.97,3.95,4.4,4.36,1.94,7.44,0.96,1.07,1.05,GREEN,4.2,8.4,0.0,Go now,1
SYN_breakfast_2026-09-25,2026-09-25 08:05:00,Dosa,breakfast,Friday,26,11,4.0,4.0,4.8,0.83,4.01,4.03,3.96,3.62,5.81,0.84,0.84,0.82,GREEN,4.0,8.0,0.0,Go now,1
SYN_breakfast_2026-09-25,2026-09-25 08:10:00,Dosa,breakfast,Friday,24,18,4.0,4.0,5.2,0.77,4.01,4.03,3.98,3.98,5.5,0.77,0.77,0.77,GREEN,3.35,6.7,0.0,Go now,1
SYN_breakfast_2026-09-25,2026-09-25 08:15:00,Dosa,breakfast,Friday,10,18,4.0,4.0,4.0,1.0,4.0,4.03,4.01,4.01,9.13,1.0,1.01,1.0,GREEN,4.0,8.0,0.0,Go now,1
SYN_breakfast_2026-09-25,2026-09-25 08:20:00,Dosa,breakfast,Friday,26,18,4.0,4.0,4.0,1.0,3.97,4.4,4.21,3.18,12.98,0.99,1.1,1.05,GREEN,5.25,10.5,0.0,Go now,1
SYN_breakfast_2026-09-25,2026-09-25 08:25:00,Dosa,breakfast,Friday,30,28,4.0,4.0,4.4,0.91,3.96,4.06,3.87,3.52,9.81,0.9,0.92,0.88,GREEN,6.35,12.7,0.0,Go now,1
SYN_breakfast_2026-09-25,2026-09-25 08:30:00,Dosa,breakfast,Friday,27,24,5.0,5.0,5.47,0.91,4.88,4.8,11.46,6.65,23.42,0.89,0.88,2.1,GREEN,8.17,16.3,0.0,Go now,1
SYN_breakfast_2026-09-25,2026-09-25 08:35:00,Dosa,breakfast,Friday,26,18,7.0,7.0,5.33,1.31,6.88,13.87,28.11,8.8,49.53,1.29,2.6,5.27,AMBER,10.36,20.7,94.0,Go now,1
SYN_breakfast_2026-09-25,2026-09-25 08:40:00,Dosa,breakfast,Friday,53,17,10.0,10.0,6.67,1.5,13.53,33.01,56.08,13.18,88.23,2.03,4.95,8.41,RED,14.12,28.2,112.0,Go now,1
SYN_breakfast_2026-09-25,2026-09-25 08:45:00,Dosa,breakfast,Friday,63,37,73.0,73.0,4.93,14.8,96.8,113.93,115.56,66.31,142.78,19.62,23.09,23.43,RED,23.11,46.2,369.0,Go now,1
SYN_breakfast_2026-09-25,2026-09-25 08:50:00,Dosa,breakfast,Friday,80,27,98.0,98.0,7.0,14.0,123.43,109.57,83.91,74.26,128.63,17.63,15.65,11.99,RED,31.49,63.0,350.0,Come in ~15 min,1
SYN_breakfast_2026-09-25,2026-09-25 08:55:00,Dosa,breakfast,Friday,83,29,116.0,116.0,8.0,14.5,101.56,92.91,80.8,65.77,127.66,12.7,11.61,10.1,RED,21.51,43.0,169.0,Come in ~15 min,1
SYN_breakfast_2026-09-25,2026-09-25 09:00:00,Dosa,breakfast,Friday,63,45,117.0,117.0,12.13,9.64,104.39,91.66,69.43,65.14,111.97,8.6,7.55,5.72,RED,20.88,41.8,72.0,Come in ~15 min,1
SYN_breakfast_2026-09-25,2026-09-25 09:05:00,Dosa,breakfast,Friday,58,55,112.0,112.0,12.67,8.84,95.68,81.67,62.3,46.22,105.54,7.55,6.45,4.92,AMBER,19.14,38.3,51.0,Come in ~15 min,1
SYN_breakfast_2026-09-25,2026-09-25 09:10:00,Dosa,breakfast,Friday,53,50,101.0,101.0,12.6,8.02,83.02,74.36,60.29,28.58,97.11,6.59,5.9,4.79,AMBER,16.6,33.2,32.0,Come in ~15 min,1
SYN_breakfast_2026-09-25,2026-09-25 09:15:00,Dosa,breakfast,Friday,40,66,75.0,75.0,12.87,5.83,62.99,60.63,60.73,11.87,74.64,4.9,4.71,4.72,AMBER,12.6,25.2,0.0,Go now,1
SYN_breakfast_2026-09-25,2026-09-25 09:20:00,Dosa,breakfast,Friday,28,62,62.0,62.0,11.4,5.44,59.67,59.2,58.12,26.68,62.38,5.23,5.19,5.1,AMBER,11.93,23.9,5.0,Go now,1
SYN_breakfast_2026-09-25,2026-09-25 09:25:00,Dosa,breakfast,Friday,12,65,62.0,62.0,7.93,7.82,61.06,62.14,62.53,59.23,63.76,7.7,7.83,7.88,AMBER,12.51,25.0,58.0,Go now,1
SYN_breakfast_2026-09-25,2026-09-25 09:30:00,Dosa,breakfast,Friday,1,65,62.0,62.0,3.6,17.22,62.07,61.99,62.16,60.74,62.16,17.24,17.22,17.27,RED,12.43,24.9,245.0,Go now,1
SYN_breakfast_2026-09-25,2026-09-25 09:35:00,Dosa,breakfast,Friday,0,59,62.0,62.0,0.87,71.54,62.07,62.02,61.99,60.73,62.38,71.62,71.56,71.53,RED,12.41,24.8,1332.0,Go now,1
SYN_breakfast_2026-09-25,2026-09-25 09:40:00,Dosa,breakfast,Friday,0,35,62.0,62.0,0.5,124.0,62.06,62.01,62.0,60.73,62.0,124.12,124.02,124.01,RED,12.41,24.8,2382.0,Go now,1
SYN_breakfast_2026-09-25,2026-09-25 09:45:00,Dosa,breakfast,Friday,0,20,62.0,62.0,0.5,124.0,62.08,62.0,62.06,60.61,62.06,124.16,124.0,124.12,RED,12.42,24.8,2383.0,Go now,1
SYN_breakfast_2026-09-25,2026-09-25 09:50:00,Dosa,breakfast,Friday,0,4,62.0,62.0,0.5,124.0,62.08,62.0,62.06,60.31,67.3,124.15,124.0,124.11,RED,12.42,24.8,2383.0,Go now,1
SYN_breakfast_2026-09-25,2026-09-25 09:55:00,Dosa,breakfast,Friday,0,1,62.0,62.0,0.5,124.0,62.08,62.0,62.09,60.04,67.22,124.15,124.0,124.18,RED,12.42,24.8,2384.0,Go now,1
SYN_lunch_2026-09-25,2026-09-25 12:05:00,Rice/Dal/Roti,lunch,Friday,21,0,1.0,1.0,4.0,0.25,1.0,0.85,0.66,0.0,2.44,0.25,0.21,0.17,GREEN,3.8,15.2,0.0,Go now,1
SYN_lunch_2026-09-25,2026-09-25 12:10:00,Rice/Dal/Roti,lunch,Friday,13,0,1.0,1.0,3.3,0.3,1.0,0.89,0.68,0.43,4.73,0.3,0.27,0.21,GREEN,4.3,17.2,0.0,Go now,1
SYN_lunch_2026-09-25,2026-09-25 12:15:00,Rice/Dal/Roti,lunch,Friday,14,1,1.0,1.0,3.13,0.32,1.0,1.03,1.04,0.0,7.87,0.32,0.33,0.33,GREEN,4.47,17.9,0.0,Go now,1
SYN_lunch_2026-09-25,2026-09-25 12:20:00,Rice/Dal/Roti,lunch,Friday,26,4,1.0,1.0,3.53,0.28,1.0,0.99,1.09,0.7,4.95,0.28,0.28,0.31,GREEN,4.97,19.9,0.0,Go now,1
SYN_lunch_2026-09-25,2026-09-25 12:25:00,Rice/Dal/Roti,lunch,Friday,19,12,1.0,1.0,3.93,0.25,1.0,1.0,1.08,0.83,4.44,0.25,0.25,0.28,GREEN,5.1,20.4,0.0,Go now,1
SYN_lunch_2026-09-25,2026-09-25 12:30:00,Rice/Dal/Roti,lunch,Friday,19,18,1.0,1.0,4.27,0.23,1.0,1.0,1.09,0.87,7.59,0.23,0.23,0.25,GREEN,5.53,22.1,0.0,Go now,1
SYN_lunch_2026-09-25,2026-09-25 12:35:00,Rice/Dal/Roti,lunch,Friday,32,10,1.0,1.0,4.67,0.21,0.82,1.01,6.78,0.99,14.23,0.18,0.22,1.45,GREEN,7.0,28.0,0.0,Go now,1
SYN_lunch_2026-09-25,2026-09-25 12:40:00,Rice/Dal/Roti,lunch,Friday,30,20,1.0,1.0,5.4,0.19,1.43,9.29,30.96,1.61,62.56,0.26,1.72,5.73,AMBER,10.63,42.5,97.0,Go now,1
SYN_lunch_2026-09-25,2026-09-25 12:45:00,Rice/Dal/Roti,lunch,Friday,45,26,2.0,2.0,7.07,0.28,6.69,30.73,49.32,7.69,107.77,0.95,4.35,6.98,AMBER,15.4,61.6,118.0,Go now,1
SYN_lunch_2026-09-25,2026-09-25 12:50:00,Rice/Dal/Roti,lunch,Friday,49,27,8.0,8.0,7.8,1.03,33.7,60.03,44.15,10.33,92.8,4.32,7.7,5.66,AMBER,19.0,76.0,144.0,Go now,1
SYN_lunch_2026-09-25,2026-09-25 12:55:00,Rice/Dal/Roti,lunch,Friday,57,26,19.0,19.0,8.87,2.14,47.26,29.15,9.65,0.0,52.09,5.33,3.29,1.09,AMBER,19.38,77.5,119.0,Go now,1
SYN_lunch_2026-09-25,2026-09-25 13:00:00,Rice/Dal/Roti,lunch,Friday,70,36,35.0,35.0,9.53,3.67,25.05,11.91,6.03,0.0,44.82,2.63,1.25,0.63,GREEN,8.9,35.6,0.0,Come in ~15 min,1
SYN_lunch_2026-09-25,2026-09-25 13:05:00,Rice/Dal/Roti,lunch,Friday,60,43,34.0,34.0,10.73,3.17,22.68,13.23,6.78,0.0,32.56,2.11,1.23,0.63,GREEN,7.2,28.8,0.0,Come in ~15 min,1
SYN_lunch_2026-09-25,2026-09-25 13:10:00,Rice/Dal/Roti,lunch,Friday,36,39,5.0,5.0,12.0,0.42,0.0,0.0,0.0,0.0,8.7,0.0,0.0,0.0,GREEN,7.6,30.4,0.0,Go now,1
SYN_lunch_2026-09-25,2026-09-25 13:15:00,Rice/Dal/Roti,lunch,Friday,31,48,1.0,1.0,10.73,0.09,1.51,1.49,1.05,0.0,11.17,0.14,0.14,0.1,GREEN,5.7,22.8,0.0,Go now,1
SYN_lunch_2026-09-25,2026-09-25 13:20:00,Rice/Dal/Roti,lunch,Friday,37,52,1.0,1.0,9.13,0.11,1.25,1.6,1.33,0.0,5.84,0.14,0.18,0.15,GREEN,6.15,24.6,0.0,Go now,1
SYN_lunch_2026-09-25,2026-09-25 13:25:00,Rice/Dal/Roti,lunch,Friday,27,64,1.0,1.0,6.6,0.15,1.03,1.14,1.29,1.14,6.4,0.16,0.17,0.19,GREEN,6.77,27.1,0.0,Go now,1
SYN_lunch_2026-09-25,2026-09-25 13:30:00,Rice/Dal/Roti,lunch,Friday,22,52,1.0,1.0,5.73,0.17,1.19,1.09,3.1,1.13,7.61,0.21,0.19,0.54,GREEN,7.73,30.9,0.0,Go now,1
SYN_lunch_2026-09-25,2026-09-25 13:35:00,Rice/Dal/Roti,lunch,Friday,31,41,1.0,1.0,5.33,0.19,1.06,1.83,4.48,1.22,17.36,0.2,0.34,0.84,GREEN,8.8,35.2,0.0,Go now,1
SYN_lunch_2026-09-25,2026-09-25 13:40:00,Rice/Dal/Roti,lunch,Friday,20,36,1.0,1.0,4.87,0.21,1.71,4.95,2.73,0.0,24.72,0.35,1.02,0.56,GREEN,9.6,38.4,0.0,Go now,1
SYN_lunch_2026-09-25,2026-09-25 13:45:00,Rice/Dal/Roti,lunch,Friday,26,29,27.0,27.0,3.4,7.94,30.13,28.47,40.97,15.94,68.4,8.86,8.37,12.05,RED,11.7,46.8,244.0,Go now,1
SYN_lunch_2026-09-25,2026-09-25 13:50:00,Rice/Dal/Roti,lunch,Friday,37,28,27.0,27.0,3.8,7.11,28.03,33.31,28.47,21.8,30.34,7.38,8.77,7.49,RED,11.53,46.1,203.0,Go now,1
SYN_lunch_2026-09-25,2026-09-25 13:55:00,Rice/Dal/Roti,lunch,Friday,45,24,27.0,27.0,5.47,4.94,33.17,23.27,24.05,17.35,24.9,6.07,4.26,4.4,AMBER,12.67,50.7,132.0,Go now,1
SYN_lunch_2026-09-25,2026-09-25 14:00:00,Rice/Dal/Roti,lunch,Friday,50,24,27.0,27.0,8.8,3.07,20.21,21.49,21.54,19.15,33.83,2.3,2.44,2.45,GREEN,4.31,17.2,0.0,Go now,1
SYN_lunch_2026-09-25,2026-09-25 14:05:00,Rice/Dal/Roti,lunch,Friday,0,25,27.0,27.0,6.33,4.26,27.0,26.79,27.0,24.59,32.99,4.26,4.23,4.26,AMBER,5.4,21.6,0.0,Go now,1
SYN_lunch_2026-09-25,2026-09-25 14:10:00,Rice/Dal/Roti,lunch,Friday,0,40,27.0,27.0,3.33,8.1,27.0,27.22,27.01,24.69,28.14,8.1,8.17,8.1,RED,5.44,21.8,63.0,Go now,1
SYN_lunch_2026-09-25,2026-09-25 14:15:00,Rice/Dal/Roti,lunch,Friday,0,35,27.0,27.0,0.5,54.0,27.0,27.0,26.99,24.76,27.2,54.0,54.0,53.98,RED,5.4,21.6,980.0,Go now,1
SYN_lunch_2026-09-25,2026-09-25 14:20:00,Rice/Dal/Roti,lunch,Friday,0,39,27.0,27.0,0.5,54.0,27.0,27.0,26.99,24.79,26.99,54.0,54.0,53.97,RED,5.4,21.6,980.0,Go now,1
SYN_lunch_2026-09-25,2026-09-25 14:25:00,Rice/Dal/Roti,lunch,Friday,0,14,27.0,27.0,0.5,54.0,27.0,27.0,26.99,24.42,26.99,54.0,54.0,53.98,RED,5.4,21.6,980.0,Go now,1
SYN_lunch_2026-09-25,2026-09-25 14:30:00,Rice/Dal/Roti,lunch,Friday,0,4,27.0,27.0,0.5,54.0,27.0,27.0,26.99,24.3,32.24,54.0,54.0,53.97,RED,5.4,21.6,980.0,Go now,1
SYN_dinner_2026-09-25,2026-09-25 19:35:00,Paneer + Roti (special),dinner,Friday,32,0,3.0,3.0,5.8,0.52,2.49,2.98,1.03,0.0,4.1,0.43,0.51,0.18,GREEN,7.3,29.2,0.0,Go now,1
SYN_dinner_2026-09-25,2026-09-25 19:40:00,Paneer + Roti (special),dinner,Friday,38,0,4.0,4.0,6.6,0.61,3.24,3.77,2.82,0.52,2.82,0.49,0.57,0.43,GREEN,5.0,20.0,0.0,Go now,1
SYN_dinner_2026-09-25,2026-09-25 19:45:00,Paneer + Roti (special),dinner,Friday,31,2,0.0,0.0,6.73,0.0,0.0,0.0,0.0,0.0,5.39,0.0,0.0,0.0,GREEN,2.7,10.8,0.0,Go now,1
SYN_dinner_2026-09-25,2026-09-25 19:50:00,Paneer + Roti (special),dinner,Friday,16,9,0.0,0.0,5.87,0.0,0.06,0.0,0.22,0.0,3.42,0.01,0.0,0.04,GREEN,2.77,11.1,0.0,Go now,1
SYN_dinner_2026-09-25,2026-09-25 19:55:00,Paneer + Roti (special),dinner,Friday,7,22,0.0,0.0,3.87,0.0,0.0,0.08,0.15,0.0,9.85,0.0,0.02,0.04,GREEN,4.23,16.9,0.0,Go now,1
SYN_dinner_2026-09-25,2026-09-25 20:00:00,Paneer + Roti (special),dinner,Friday,5,31,1.0,1.0,1.8,0.56,1.01,1.1,1.07,0.2,4.08,0.56,0.61,0.59,GREEN,5.95,23.8,0.0,Go now,1
SYN_dinner_2026-09-25,2026-09-25 20:05:00,Paneer + Roti (special),dinner,Friday,30,30,1.0,1.0,2.73,0.37,1.0,1.05,0.99,0.47,3.68,0.37,0.38,0.36,GREEN,5.75,23.0,0.0,Go now,1
SYN_dinner_2026-09-25,2026-09-25 20:10:00,Paneer + Roti (special),dinner,Friday,35,20,4.0,4.0,4.4,0.91,3.26,3.37,3.39,1.69,6.18,0.74,0.77,0.77,GREEN,5.83,23.3,0.0,Go now,1
SYN_dinner_2026-09-25,2026-09-25 20:15:00,Paneer + Roti (special),dinner,Friday,27,11,4.0,4.0,5.93,0.67,3.4,3.3,3.92,2.78,7.05,0.57,0.56,0.66,GREEN,5.93,23.7,0.0,Go now,1
SYN_dinner_2026-09-25,2026-09-25 20:20:00,Paneer + Roti (special),dinner,Friday,36,15,6.0,6.0,6.2,0.97,4.64,4.75,5.0,3.26,9.89,0.75,0.77,0.81,GREEN,5.7,22.8,0.0,Go now,1
SYN_dinner_2026-09-25,2026-09-25 20:25:00,Paneer + Roti (special),dinner,Friday,39,18,11.0,11.0,6.33,1.74,9.58,8.98,8.44,2.88,13.89,1.51,1.42,1.33,GREEN,6.0,24.0,0.0,Go now,1
SYN_dinner_2026-09-25,2026-09-25 20:30:00,Paneer + Roti (special),dinner,Friday,36,34,13.0,13.0,6.8,1.91,11.45,11.38,11.29,4.58,21.05,1.68,1.67,1.66,GREEN,5.3,21.2,0.0,Go now,1
SYN_dinner_2026-09-25,2026-09-25 20:35:00,Paneer + Roti (special),dinner,Friday,40,23,18.0,18.0,6.87,2.62,15.78,15.63,14.18,4.17,30.52,2.3,2.28,2.07,GREEN,5.3,21.2,0.0,Go now,1
SYN_dinner_2026-09-25,2026-09-25 20:40:00,Paneer + Roti (special),dinner,Friday,30,37,13.0,13.0,6.93,1.88,12.66,12.88,12.98,5.48,28.27,1.83,1.86,1.87,GREEN,5.97,23.9,0.0,Go now,1
SYN_dinner_2026-09-25,2026-09-25 20:45:00,Paneer + Roti (special),dinner,Friday,41,34,18.0,18.0,7.07,2.55,16.3,16.3,15.11,6.8,31.97,2.31,2.31,2.14,GREEN,5.95,23.8,0.0,Go now,1
SYN_dinner_2026-09-25,2026-09-25 20:50:00,Paneer + Roti (special),dinner,Friday,30,27,12.0,12.0,7.13,1.68,11.96,12.03,12.11,4.94,22.28,1.68,1.69,1.7,GREEN,5.43,21.7,0.0,Go now,1
SYN_dinner_2026-09-25,2026-09-25 20:55:00,Paneer + Roti (special),dinner,Friday,21,32,1.0,1.0,6.93,0.14,1.03,1.23,1.1,0.0,15.6,0.15,0.18,0.16,GREEN,5.05,20.2,0.0,Go now,1
SYN_dinner_2026-09-25,2026-09-25 21:00:00,Paneer + Roti (special),dinner,Friday,29,42,1.0,1.0,6.47,0.15,0.92,1.18,1.33,1.21,11.39,0.14,0.18,0.21,GREEN,5.97,23.9,0.0,Go now,1
SYN_dinner_2026-09-25,2026-09-25 21:05:00,Paneer + Roti (special),dinner,Friday,34,32,7.0,7.0,5.93,1.18,6.47,6.72,8.72,6.29,20.05,1.09,1.13,1.47,GREEN,7.13,28.5,0.0,Go now,1
SYN_dinner_2026-09-25,2026-09-25 21:10:00,Paneer + Roti (special),dinner,Friday,44,48,15.0,15.0,6.2,2.42,13.23,14.7,14.12,5.35,34.08,2.13,2.37,2.28,GREEN,8.1,32.4,0.0,Go now,1
SYN_dinner_2026-09-25,2026-09-25 21:15:00,Paneer + Roti (special),dinner,Friday,59,29,38.0,38.0,6.67,5.7,37.09,33.54,26.72,19.7,51.6,5.56,5.03,4.01,AMBER,9.85,39.4,48.0,Go now,1
SYN_dinner_2026-09-25,2026-09-25 21:20:00,Paneer + Roti (special),dinner,Friday,41,31,41.0,41.0,7.33,5.59,38.6,33.63,29.16,21.03,60.48,5.26,4.59,3.98,AMBER,8.79,35.1,20.0,Go now,1
SYN_dinner_2026-09-25,2026-09-25 21:25:00,Paneer + Roti (special),dinner,Friday,49,29,54.0,54.0,7.33,7.36,50.87,47.14,39.16,30.91,68.79,6.94,6.43,5.34,AMBER,10.74,43.0,46.0,Come in ~15 min,1
SYN_dinner_2026-09-25,2026-09-25 21:30:00,Paneer + Roti (special),dinner,Friday,58,32,77.0,77.0,7.27,10.6,74.19,68.86,53.33,49.34,80.75,10.21,9.48,7.34,RED,16.17,64.7,123.0,Come in ~15 min,1
SYN_dinner_2026-09-25,2026-09-25 21:35:00,Paneer + Roti (special),dinner,Friday,37,37,77.0,77.0,7.2,10.69,72.69,64.54,55.14,34.95,76.05,10.1,8.96,7.66,RED,15.14,60.6,110.0,Come in ~15 min,1
SYN_dinner_2026-09-25,2026-09-25 21:40:00,Paneer + Roti (special),dinner,Friday,40,38,82.0,82.0,7.13,11.5,75.47,71.43,60.67,32.72,80.54,10.58,10.01,8.5,RED,15.09,60.4,112.0,Come in ~15 min,1
SYN_dinner_2026-09-25,2026-09-25 21:45:00,Paneer + Roti (special),dinner,Friday,27,42,74.0,74.0,7.13,10.37,73.04,71.39,72.32,60.65,73.96,10.24,10.01,10.14,RED,14.61,58.4,105.0,Go now,1
SYN_dinner_2026-09-25,2026-09-25 21:50:00,Paneer + Roti (special),dinner,Friday,0,34,38.0,38.0,7.07,5.38,36.45,35.03,35.75,5.43,38.03,5.16,4.96,5.06,AMBER,7.29,29.2,3.0,Go now,1
SYN_dinner_2026-09-25,2026-09-25 21:55:00,Paneer + Roti (special),dinner,Friday,0,34,3.0,3.0,7.07,0.42,0.84,0.9,0.63,0.0,3.07,0.12,0.13,0.09,GREEN,0.18,0.7,0.0,Go now,1
SYN_dinner_2026-09-25,2026-09-25 22:00:00,Paneer + Roti (special),dinner,Friday,0,40,2.0,2.0,4.8,0.42,1.19,2.0,1.78,0.0,2.06,0.25,0.42,0.37,GREEN,0.4,1.6,0.0,Go now,1
SYN_dinner_2026-09-25,2026-09-25 22:05:00,Paneer + Roti (special),dinner,Friday,0,29,2.0,2.0,2.4,0.83,1.18,2.0,1.99,1.53,2.02,0.49,0.83,0.83,GREEN,0.4,1.6,0.0,Go now,1
SYN_dinner_2026-09-25,2026-09-25 22:10:00,Paneer + Roti (special),dinner,Friday,0,36,2.0,2.0,0.5,4.0,2.0,2.0,2.0,1.55,2.24,4.0,4.0,3.99,AMBER,0.4,1.6,0.0,Go now,1
SYN_dinner_2026-09-25,2026-09-25 22:15:00,Paneer + Roti (special),dinner,Friday,0,26,2.0,2.0,0.5,4.0,2.0,2.0,2.01,1.43,2.86,4.0,4.0,4.01,AMBER,0.4,1.6,0.0,Go now,1
SYN_dinner_2026-09-25,2026-09-25 22:20:00,Paneer + Roti (special),dinner,Friday,0,6,2.0,2.0,0.5,4.0,2.0,2.0,1.99,0.95,7.11,4.0,4.0,3.98,AMBER,0.4,1.6,0.0,Go now,1
SYN_dinner_2026-09-25,2026-09-25 22:25:00,Paneer + Roti (special),dinner,Friday,0,2,2.0,2.0,0.5,4.0,2.0,2.0,2.03,0.91,7.02,4.0,4.0,4.05,AMBER,0.41,1.6,0.0,Go now,1
MESSA_breakfast_2026-09-26,2026-09-26 08:05:00,Dosa,breakfast,Saturday,9,0,0.0,0.0,1.8,0.0,0.0,0.01,0.0,0.0,0.16,0.0,0.01,0.0,GREEN,0.98,2.0,0.0,Go now,0
MESSA_breakfast_2026-09-26,2026-09-26 08:10:00,Dosa,breakfast,Saturday,3,0,0.0,0.0,1.3,0.0,0.05,0.07,0.02,0.0,0.02,0.04,0.06,0.02,GREEN,1.11,2.2,0.0,Go now,0
MESSA_breakfast_2026-09-26,2026-09-26 08:15:00,Dosa,breakfast,Saturday,4,1,0.0,0.0,1.13,0.0,0.03,0.0,0.0,0.0,0.66,0.02,0.0,0.0,GREEN,1.02,2.0,0.0,Go now,0
MESSA_breakfast_2026-09-26,2026-09-26 08:20:00,Dosa,breakfast,Saturday,9,2,0.0,0.0,1.13,0.0,0.01,0.0,0.01,0.0,5.11,0.01,0.0,0.01,GREEN,1.81,3.6,0.0,Go now,0
MESSA_breakfast_2026-09-26,2026-09-26 08:25:00,Dosa,breakfast,Saturday,3,4,1.0,1.0,1.0,1.0,1.0,1.05,1.11,0.0,3.14,1.0,1.05,1.11,GREEN,2.58,5.2,0.0,Go now,0
MESSA_breakfast_2026-09-26,2026-09-26 08:30:00,Dosa,breakfast,Saturday,6,4,1.0,1.0,1.13,0.88,1.04,1.01,1.1,0.04,1.59,0.91,0.89,0.97,GREEN,3.58,7.2,0.0,Go now,0
MESSA_breakfast_2026-09-26,2026-09-26 08:35:00,Dosa,breakfast,Saturday,16,3,1.0,1.0,1.6,0.62,1.03,0.98,1.05,0.11,2.83,0.65,0.61,0.66,GREEN,3.97,7.9,0.0,Go now,0
MESSA_breakfast_2026-09-26,2026-09-26 08:40:00,Dosa,breakfast,Saturday,14,6,1.0,1.0,2.4,0.42,1.0,0.99,0.99,0.8,1.41,0.42,0.41,0.41,GREEN,4.07,8.1,0.0,Go now,0
MESSA_breakfast_2026-09-26,2026-09-26 08:45:00,Dosa,breakfast,Saturday,9,11,2.0,2.0,2.53,0.79,2.0,2.04,2.04,0.0,5.39,0.79,0.8,0.8,GREEN,4.05,8.1,0.0,Go now,0
MESSA_breakfast_2026-09-26,2026-09-26 08:50:00,Dosa,breakfast,Saturday,15,9,17.0,17.0,1.47,11.59,16.42,16.34,16.21,9.06,21.23,11.19,11.14,11.05,RED,5.55,11.1,278.0,Go now,0
MESSA_breakfast_2026-09-26,2026-09-26 08:55:00,Dosa,breakfast,Saturday,16,10,17.0,17.0,1.6,10.62,16.4,16.85,16.51,11.6,17.66,10.25,10.53,10.32,RED,5.28,10.6,230.0,Go now,0
MESSA_breakfast_2026-09-26,2026-09-26 09:00:00,Dosa,breakfast,Saturday,19,11,20.0,20.0,2.13,9.38,19.42,19.75,19.88,14.22,21.32,9.1,9.26,9.32,RED,5.68,11.4,166.0,Go now,0
MESSA_breakfast_2026-09-26,2026-09-26 09:05:00,Dosa,breakfast,Saturday,22,16,17.0,17.0,3.8,4.47,17.0,17.07,17.21,14.36,18.67,4.47,4.49,4.53,AMBER,6.16,12.3,62.0,Go now,0
MESSA_breakfast_2026-09-26,2026-09-26 09:10:00,Dosa,breakfast,Saturday,30,12,17.0,17.0,4.73,3.59,16.97,17.15,18.25,14.39,19.19,3.59,3.62,3.85,AMBER,7.13,14.3,51.0,Go now,0
MESSA_breakfast_2026-09-26,2026-09-26 09:15:00,Dosa,breakfast,Saturday,38,14,19.0,19.0,6.07,3.13,18.82,19.96,26.98,15.62,38.1,3.1,3.29,4.45,AMBER,9.14,18.3,51.0,Go now,0
MESSA_breakfast_2026-09-26,2026-09-26 09:20:00,Dosa,breakfast,Saturday,27,15,18.0,18.0,6.27,2.87,18.64,29.6,40.74,19.91,68.25,2.97,4.72,6.5,AMBER,12.17,24.3,94.0,Go now,0
MESSA_breakfast_2026-09-26,2026-09-26 09:25:00,Dosa,breakfast,Saturday,37,31,18.0,18.0,6.73,2.67,22.51,46.33,66.08,23.01,97.38,3.34,6.88,9.81,RED,16.32,32.6,142.0,Go now,0
MESSA_breakfast_2026-09-26,2026-09-26 09:30:00,Dosa,breakfast,Saturday,43,29,22.0,22.0,6.93,3.17,40.25,62.14,61.9,17.55,107.31,5.8,8.96,8.93,RED,18.12,36.2,161.0,Go now,0
MESSA_breakfast_2026-09-26,2026-09-26 09:35:00,Dosa,breakfast,Saturday,46,31,26.0,26.0,7.87,3.31,49.45,54.19,44.58,22.21,88.15,6.29,6.89,5.67,AMBER,14.98,30.0,90.0,Go now,0
MESSA_breakfast_2026-09-26,2026-09-26 09:40:00,Dosa,breakfast,Saturday,49,32,35.0,35.0,8.07,4.34,42.82,45.13,38.78,7.99,65.61,5.31,5.59,4.81,AMBER,11.1,22.2,38.0,Go now,0
MESSA_breakfast_2026-09-26,2026-09-26 09:45:00,Dosa,breakfast,Saturday,104,31,100.0,100.0,8.07,12.4,107.93,96.8,86.27,63.81,106.98,13.38,12.0,10.7,RED,23.97,47.9,197.0,Go now,0
MESSA_breakfast_2026-09-26,2026-09-26 09:50:00,Dosa,breakfast,Saturday,102,50,162.0,162.0,7.93,20.42,161.9,145.83,132.62,87.38,163.27,20.41,18.38,16.72,RED,32.38,64.8,308.0,Come in ~15 min,0
MESSA_breakfast_2026-09-26,2026-09-26 09:55:00,Dosa,breakfast,Saturday,67,37,190.0,190.0,7.87,24.15,185.64,168.23,147.27,115.34,189.0,23.6,21.38,18.72,RED,37.13,74.3,372.0,Come in ~15 min,0
MESSA_breakfast_2026-09-26,2026-09-26 10:00:00,Dosa,breakfast,Saturday,37,36,189.0,189.0,7.8,24.23,182.48,165.58,139.42,109.85,187.67,23.4,21.23,17.87,RED,36.5,73.0,368.0,Come in ~15 min,0
MESSA_breakfast_2026-09-26,2026-09-26 10:05:00,Dosa,breakfast,Saturday,32,45,181.0,181.0,7.8,23.21,168.7,160.51,138.5,104.89,179.85,21.63,20.58,17.76,RED,33.74,67.5,333.0,Come in ~15 min,0
MESSA_breakfast_2026-09-26,2026-09-26 10:10:00,Dosa,breakfast,Saturday,34,37,176.0,176.0,7.8,22.56,165.2,157.23,141.09,100.2,176.26,21.18,20.16,18.09,RED,33.04,66.1,324.0,Come in ~15 min,0
MESSA_breakfast_2026-09-26,2026-09-26 10:15:00,Dosa,breakfast,Saturday,23,47,199.0,199.0,5.27,37.78,189.04,186.52,165.38,142.47,198.98,35.89,35.42,31.4,RED,37.81,75.6,618.0,Come in ~15 min,0
MESSA_breakfast_2026-09-26,2026-09-26 10:20:00,Dosa,breakfast,Saturday,0,33,159.0,159.0,5.27,30.19,147.8,140.22,121.53,74.65,158.96,28.06,26.62,23.08,RED,29.56,59.1,461.0,Come in ~15 min,0
MESSA_breakfast_2026-09-26,2026-09-26 10:25:00,Dosa,breakfast,Saturday,0,36,121.0,121.0,5.2,23.27,109.37,101.26,90.81,48.33,121.0,21.03,19.47,17.46,RED,21.87,43.7,321.0,Come in ~15 min,0
MESSA_breakfast_2026-09-26,2026-09-26 10:30:00,Dosa,breakfast,Saturday,0,44,81.0,81.0,7.87,10.3,74.9,75.05,73.11,40.24,81.04,9.52,9.54,9.29,RED,15.01,30.0,91.0,Go now,0
MESSA_breakfast_2026-09-26,2026-09-26 10:35:00,Dosa,breakfast,Saturday,0,35,55.0,55.0,6.93,7.93,54.07,54.13,53.84,25.86,55.04,7.8,7.81,7.77,AMBER,10.83,21.7,56.0,Go now,0
MESSA_breakfast_2026-09-26,2026-09-26 10:40:00,Dosa,breakfast,Saturday,0,40,55.0,55.0,4.4,12.5,55.02,55.0,54.77,51.83,55.02,12.5,12.5,12.45,RED,11.0,22.0,150.0,Go now,0
MESSA_breakfast_2026-09-26,2026-09-26 10:45:00,Dosa,breakfast,Saturday,0,35,55.0,55.0,1.73,31.73,55.01,55.0,54.99,53.16,54.99,31.74,31.73,31.73,RED,11.0,22.0,535.0,Go now,0
MESSA_breakfast_2026-09-26,2026-09-26 10:50:00,Dosa,breakfast,Saturday,0,36,55.0,55.0,0.5,110.0,55.0,55.0,54.99,53.74,54.99,109.99,110.0,109.98,RED,11.0,22.0,2100.0,Go now,0
MESSA_breakfast_2026-09-26,2026-09-26 10:55:00,Dosa,breakfast,Saturday,0,28,55.0,55.0,0.5,110.0,55.0,55.0,54.99,53.68,54.99,109.99,110.0,109.98,RED,11.0,22.0,2100.0,Go now,0
MESSA_breakfast_2026-09-26,2026-09-26 11:00:00,Dosa,breakfast,Saturday,0,2,55.0,55.0,0.5,110.0,54.99,55.0,55.02,53.31,60.21,109.98,110.0,110.04,RED,11.0,22.0,2101.0,Go now,0
MESSA_breakfast_2026-09-26,2026-09-26 11:05:00,Dosa,breakfast,Saturday,0,1,55.0,55.0,0.5,110.0,54.99,55.0,55.02,53.04,60.22,109.98,110.0,110.04,RED,11.0,22.0,2101.0,Go now,0
MESSA_lunch_2026-09-26,2026-09-26 12:20:00,Rice/Dal/Roti,lunch,Saturday,9,0,0.0,0.0,1.8,0.0,0.0,0.07,0.02,0.0,12.23,0.0,0.04,0.01,GREEN,4.19,16.8,0.0,Go now,0
MESSA_lunch_2026-09-26,2026-09-26 12:25:00,Rice/Dal/Roti,lunch,Saturday,20,0,0.0,0.0,2.9,0.0,0.0,0.02,0.03,0.0,2.17,0.0,0.01,0.01,GREEN,4.31,17.2,0.0,Go now,0
MESSA_lunch_2026-09-26,2026-09-26 12:30:00,Rice/Dal/Roti,lunch,Saturday,20,0,0.0,0.0,3.27,0.0,0.0,0.0,0.03,0.0,3.27,0.0,0.0,0.01,GREEN,4.71,18.8,0.0,Go now,0
MESSA_lunch_2026-09-26,2026-09-26 12:35:00,Rice/Dal/Roti,lunch,Saturday,24,2,0.0,0.0,4.27,0.0,0.01,0.0,0.03,0.0,7.65,0.0,0.0,0.01,GREEN,4.98,19.9,0.0,Go now,0
MESSA_lunch_2026-09-26,2026-09-26 12:40:00,Rice/Dal/Roti,lunch,Saturday,20,7,0.0,0.0,4.27,0.0,0.0,0.0,0.08,0.0,5.83,0.0,0.0,0.02,GREEN,5.56,22.2,0.0,Go now,0
MESSA_lunch_2026-09-26,2026-09-26 12:45:00,Rice/Dal/Roti,lunch,Saturday,44,14,2.0,2.0,5.73,0.35,0.0,2.7,4.74,0.0,5.48,0.0,0.47,0.83,GREEN,6.42,25.7,0.0,Go now,0
MESSA_lunch_2026-09-26,2026-09-26 12:50:00,Rice/Dal/Roti,lunch,Saturday,42,19,0.0,0.0,7.07,0.0,0.0,2.25,9.27,0.0,18.91,0.0,0.32,1.31,GREEN,8.12,32.5,0.0,Go now,0
MESSA_lunch_2026-09-26,2026-09-26 12:55:00,Rice/Dal/Roti,lunch,Saturday,36,28,0.0,0.0,8.13,0.0,0.59,7.19,23.64,0.0,56.22,0.07,0.88,2.91,GREEN,10.06,40.2,0.0,Go now,0
MESSA_lunch_2026-09-26,2026-09-26 13:00:00,Rice/Dal/Roti,lunch,Saturday,52,30,4.0,4.0,8.53,0.47,11.3,22.43,35.32,7.57,69.35,1.32,2.63,4.14,AMBER,11.44,45.8,34.0,Go now,0
MESSA_lunch_2026-09-26,2026-09-26 13:05:00,Rice/Dal/Roti,lunch,Saturday,56,42,12.0,12.0,8.8,1.36,24.01,31.63,22.63,2.51,41.3,2.73,3.59,2.57,AMBER,12.09,48.4,37.0,Go now,0
MESSA_lunch_2026-09-26,2026-09-26 13:10:00,Rice/Dal/Roti,lunch,Saturday,34,36,0.0,0.0,9.47,0.0,3.9,1.2,2.33,0.0,17.79,0.41,0.13,0.25,GREEN,11.97,47.9,0.0,Go now,0
MESSA_lunch_2026-09-26,2026-09-26 13:15:00,Rice/Dal/Roti,lunch,Saturday,41,42,0.0,0.0,9.0,0.0,0.0,0.0,0.0,0.0,15.28,0.0,0.0,0.0,GREEN,8.02,32.1,0.0,Go now,0
MESSA_lunch_2026-09-26,2026-09-26 13:20:00,Rice/Dal/Roti,lunch,Saturday,41,44,0.0,0.0,8.53,0.0,0.0,0.12,0.44,0.0,8.63,0.0,0.01,0.05,GREEN,6.69,26.8,0.0,Go now,0
MESSA_lunch_2026-09-26,2026-09-26 13:25:00,Rice/Dal/Roti,lunch,Saturday,46,43,2.0,2.0,8.4,0.24,0.71,3.04,2.8,0.0,12.78,0.08,0.36,0.33,GREEN,6.61,26.4,0.0,Go now,0
MESSA_lunch_2026-09-26,2026-09-26 13:30:00,Rice/Dal/Roti,lunch,Saturday,53,45,10.0,10.0,8.67,1.15,5.02,2.15,0.0,0.0,13.31,0.58,0.25,0.0,GREEN,6.28,25.1,0.0,Go now,0
MESSA_lunch_2026-09-26,2026-09-26 13:35:00,Rice/Dal/Roti,lunch,Saturday,33,46,0.0,0.0,8.87,0.0,0.0,0.0,0.0,0.0,8.34,0.0,0.0,0.0,GREEN,7.02,28.1,0.0,Go now,0
MESSA_lunch_2026-09-26,2026-09-26 13:40:00,Rice/Dal/Roti,lunch,Saturday,23,38,0.0,0.0,7.47,0.0,0.0,0.09,0.43,0.0,19.52,0.0,0.01,0.06,GREEN,6.8,27.2,0.0,Go now,0
MESSA_lunch_2026-09-26,2026-09-26 13:45:00,Rice/Dal/Roti,lunch,Saturday,41,51,2.0,2.0,7.07,0.28,1.7,1.69,2.23,0.93,10.7,0.24,0.24,0.32,GREEN,7.33,29.3,0.0,Go now,0
MESSA_lunch_2026-09-26,2026-09-26 13:50:00,Rice/Dal/Roti,lunch,Saturday,32,37,0.0,0.0,6.4,0.0,0.0,0.8,3.97,0.11,19.87,0.0,0.13,0.62,GREEN,8.49,34.0,0.0,Go now,0
MESSA_lunch_2026-09-26,2026-09-26 13:55:00,Rice/Dal/Roti,lunch,Saturday,27,42,0.0,0.0,6.67,0.0,0.44,5.37,8.98,0.8,37.55,0.07,0.81,1.35,GREEN,9.73,38.9,0.0,Go now,0
MESSA_lunch_2026-09-26,2026-09-26 14:00:00,Rice/Dal/Roti,lunch,Saturday,26,26,4.0,4.0,5.53,0.72,6.93,12.33,18.94,0.0,54.11,1.25,2.23,3.42,AMBER,10.09,40.4,82.0,Go now,0
MESSA_lunch_2026-09-26,2026-09-26 14:05:00,Rice/Dal/Roti,lunch,Saturday,29,42,0.0,0.0,5.47,0.0,2.56,7.5,0.0,0.0,10.93,0.47,1.37,0.0,GREEN,10.08,40.3,0.0,Go now,0
MESSA_lunch_2026-09-26,2026-09-26 14:10:00,Rice/Dal/Roti,lunch,Saturday,26,35,0.0,0.0,5.4,0.0,2.34,0.28,0.0,0.0,5.58,0.43,0.05,0.0,GREEN,9.68,38.7,0.0,Go now,0
MESSA_lunch_2026-09-26,2026-09-26 14:15:00,Rice/Dal/Roti,lunch,Saturday,25,27,1.0,1.0,5.53,0.18,1.27,0.41,0.0,0.0,3.57,0.23,0.07,0.0,GREEN,0.25,1.0,0.0,Go now,0
MESSA_lunch_2026-09-26,2026-09-26 14:20:00,Rice/Dal/Roti,lunch,Saturday,18,27,0.0,0.0,4.6,0.0,0.08,1.29,0.99,0.0,0.99,0.02,0.28,0.21,GREEN,0.26,1.0,0.0,Go now,0
MESSA_lunch_2026-09-26,2026-09-26 14:25:00,Rice/Dal/Roti,lunch,Saturday,12,23,0.0,0.0,3.67,0.0,0.54,1.8,0.98,0.0,2.35,0.15,0.49,0.27,GREEN,0.36,1.4,0.0,Go now,0
MESSA_lunch_2026-09-26,2026-09-26 14:30:00,Rice/Dal/Roti,lunch,Saturday,9,30,0.0,0.0,2.67,0.0,0.13,0.0,0.07,0.0,0.07,0.05,0.0,0.03,GREEN,0.03,0.1,0.0,Go now,0
MESSA_lunch_2026-09-26,2026-09-26 14:35:00,Rice/Dal/Roti,lunch,Saturday,0,21,0.0,0.0,1.4,0.0,0.0,0.06,0.01,0.0,4.94,0.0,0.04,0.0,GREEN,0.01,0.0,0.0,Go now,0
MESSA_lunch_2026-09-26,2026-09-26 14:40:00,Rice/Dal/Roti,lunch,Saturday,0,15,0.0,0.0,0.6,0.0,0.0,0.06,0.0,0.0,5.17,0.0,0.11,0.0,GREEN,0.01,0.1,0.0,Go now,0
MESSA_lunch_2026-09-26,2026-09-26 14:45:00,Rice/Dal/Roti,lunch,Saturday,0,14,0.0,0.0,0.5,0.0,0.0,0.02,0.0,0.0,4.84,0.0,0.03,0.0,GREEN,0.0,0.0,0.0,Go now,0
MESSA_lunch_2026-09-26,2026-09-26 14:50:00,Rice/Dal/Roti,lunch,Saturday,0,7,0.0,0.0,0.5,0.0,0.0,0.0,0.0,0.0,4.62,0.0,0.0,0.0,GREEN,0.0,0.0,0.0,Go now,0
MESSA_lunch_2026-09-26,2026-09-26 14:55:00,Rice/Dal/Roti,lunch,Saturday,0,6,0.0,0.0,0.5,0.0,0.0,0.0,0.0,0.0,4.62,0.0,0.0,0.0,GREEN,0.0,0.0,0.0,Go now,0
MESSA_dinner_2026-09-26,2026-09-26 20:05:00,Roti/Sabzi,dinner,Saturday,13,0,0.0,0.0,2.6,0.0,0.01,0.04,0.03,0.0,0.23,0.0,0.02,0.01,GREEN,2.72,10.9,0.0,Go now,0
MESSA_dinner_2026-09-26,2026-09-26 20:10:00,Roti/Sabzi,dinner,Saturday,20,0,0.0,0.0,3.3,0.0,0.0,0.02,0.04,0.0,0.04,0.0,0.01,0.01,GREEN,1.67,6.7,0.0,Go now,0
MESSA_dinner_2026-09-26,2026-09-26 20:15:00,Roti/Sabzi,dinner,Saturday,25,0,0.0,0.0,3.87,0.0,0.0,0.41,0.32,0.0,1.41,0.0,0.11,0.08,GREEN,1.24,5.0,0.0,Go now,0
MESSA_dinner_2026-09-26,2026-09-26 20:20:00,Roti/Sabzi,dinner,Saturday,31,8,0.0,0.0,5.07,0.0,0.0,0.0,0.28,0.0,1.84,0.0,0.0,0.06,GREEN,3.02,12.1,0.0,Go now,0
MESSA_dinner_2026-09-26,2026-09-26 20:25:00,Roti/Sabzi,dinner,Saturday,54,7,10.0,10.0,6.67,1.5,4.6,5.64,5.41,0.0,14.49,0.69,0.85,0.81,GREEN,4.07,16.3,0.0,Go now,0
MESSA_dinner_2026-09-26,2026-09-26 20:30:00,Roti/Sabzi,dinner,Saturday,46,18,6.0,6.0,8.33,0.72,1.7,0.0,1.03,1.03,16.38,0.2,0.0,0.12,GREEN,7.07,28.3,0.0,Go now,0
MESSA_dinner_2026-09-26,2026-09-26 20:35:00,Roti/Sabzi,dinner,Saturday,54,26,9.0,9.0,9.67,0.93,1.46,0.39,0.0,0.0,17.61,0.15,0.04,0.0,GREEN,6.83,27.3,0.0,Go now,0
MESSA_dinner_2026-09-26,2026-09-26 20:40:00,Roti/Sabzi,dinner,Saturday,60,32,17.0,17.0,10.2,1.67,6.2,2.33,0.0,0.0,24.42,0.61,0.23,0.0,GREEN,6.1,24.4,0.0,Go now,0
MESSA_dinner_2026-09-26,2026-09-26 20:45:00,Roti/Sabzi,dinner,Saturday,69,42,35.0,35.0,10.27,3.41,24.66,13.38,3.22,0.0,42.13,2.4,1.3,0.31,GREEN,6.67,26.7,0.0,Come in ~15 min,0
MESSA_dinner_2026-09-26,2026-09-26 20:50:00,Roti/Sabzi,dinner,Saturday,67,56,52.0,52.0,10.2,5.1,40.1,27.27,17.71,0.0,54.63,3.93,2.67,1.74,AMBER,8.02,32.1,0.0,Come in ~15 min,0
MESSA_dinner_2026-09-26,2026-09-26 20:55:00,Roti/Sabzi,dinner,Saturday,47,44,45.0,45.0,10.33,4.35,32.42,22.11,15.61,0.0,49.43,3.14,2.14,1.51,AMBER,6.87,27.5,0.0,Come in ~15 min,0
MESSA_dinner_2026-09-26,2026-09-26 21:00:00,Roti/Sabzi,dinner,Saturday,47,57,40.0,40.0,10.4,3.85,29.53,23.88,22.55,8.16,44.74,2.84,2.3,2.17,GREEN,6.93,27.7,0.0,Go now,0
MESSA_dinner_2026-09-26,2026-09-26 21:05:00,Roti/Sabzi,dinner,Saturday,50,48,35.0,35.0,10.73,3.26,27.57,22.36,22.65,10.69,47.13,2.57,2.08,2.11,GREEN,7.15,28.6,0.0,Go now,0
MESSA_dinner_2026-09-26,2026-09-26 21:10:00,Roti/Sabzi,dinner,Saturday,42,59,27.0,27.0,10.47,2.58,20.73,15.8,17.08,11.18,36.29,1.98,1.51,1.63,GREEN,6.8,27.2,0.0,Go now,0
MESSA_dinner_2026-09-26,2026-09-26 21:15:00,Roti/Sabzi,dinner,Saturday,38,46,12.0,12.0,10.53,1.14,7.07,5.65,6.91,0.0,24.27,0.67,0.54,0.66,GREEN,6.0,24.0,0.0,Go now,0
MESSA_dinner_2026-09-26,2026-09-26 21:20:00,Roti/Sabzi,dinner,Saturday,49,54,10.0,10.0,10.27,0.97,4.52,4.07,5.86,3.43,20.6,0.44,0.4,0.57,GREEN,6.45,25.8,0.0,Go now,0
MESSA_dinner_2026-09-26,2026-09-26 21:25:00,Roti/Sabzi,dinner,Saturday,47,52,7.0,7.0,10.27,0.68,1.26,1.74,0.0,0.0,16.06,0.12,0.17,0.0,GREEN,6.38,25.5,0.0,Go now,0
MESSA_dinner_2026-09-26,2026-09-26 21:30:00,Roti/Sabzi,dinner,Saturday,30,49,0.0,0.0,9.27,0.0,0.0,0.0,0.71,0.0,15.17,0.0,0.0,0.08,GREEN,7.64,30.6,0.0,Go now,0
MESSA_dinner_2026-09-26,2026-09-26 21:35:00,Roti/Sabzi,dinner,Saturday,25,54,0.0,0.0,7.53,0.0,0.06,0.38,3.36,0.0,29.76,0.01,0.05,0.45,GREEN,8.76,35.0,0.0,Go now,0
MESSA_dinner_2026-09-26,2026-09-26 21:40:00,Roti/Sabzi,dinner,Saturday,26,47,0.0,0.0,5.93,0.0,0.48,5.25,2.78,0.0,33.5,0.08,0.88,0.47,GREEN,9.2,36.8,0.0,Go now,0
MESSA_dinner_2026-09-26,2026-09-26 21:45:00,Roti/Sabzi,dinner,Saturday,26,59,0.0,0.0,5.13,0.0,2.35,0.8,0.0,0.0,22.79,0.46,0.16,0.0,GREEN,9.57,38.3,0.0,Go now,0
MESSA_dinner_2026-09-26,2026-09-26 21:50:00,Roti/Sabzi,dinner,Saturday,24,25,0.0,0.0,5.07,0.0,0.36,0.21,0.3,0.0,23.86,0.07,0.04,0.06,GREEN,8.57,34.3,0.0,Go now,0
MESSA_dinner_2026-09-26,2026-09-26 21:55:00,Roti/Sabzi,dinner,Saturday,19,28,1.0,1.0,4.53,0.22,1.19,1.62,0.0,0.0,17.06,0.26,0.36,0.0,GREEN,8.28,33.1,0.0,Go now,0
MESSA_dinner_2026-09-26,2026-09-26 22:00:00,Roti/Sabzi,dinner,Saturday,9,23,1.0,1.0,3.4,0.29,1.52,0.86,0.0,0.0,18.54,0.45,0.25,0.0,GREEN,8.72,34.9,0.0,Go now,0
MESSA_dinner_2026-09-26,2026-09-26 22:05:00,Roti/Sabzi,dinner,Saturday,0,27,1.0,1.0,1.8,0.56,1.32,0.97,0.0,0.0,3.55,0.74,0.54,0.0,GREEN,7.27,29.1,0.0,Go now,0
MESSA_dinner_2026-09-26,2026-09-26 22:10:00,Roti/Sabzi,dinner,Saturday,0,27,1.0,1.0,0.6,1.67,1.26,0.92,0.0,0.0,7.14,2.09,1.54,0.0,GREEN,3.93,15.7,0.0,Go now,0
MESSA_dinner_2026-09-26,2026-09-26 22:15:00,Roti/Sabzi,dinner,Saturday,0,18,1.0,1.0,0.5,2.0,1.25,0.99,0.99,0.3,8.46,2.5,1.99,1.98,GREEN,0.25,1.0,0.0,Go now,0
MESSA_dinner_2026-09-26,2026-09-26 22:20:00,Roti/Sabzi,dinner,Saturday,0,8,1.0,1.0,0.5,2.0,1.0,1.0,0.99,0.54,6.04,2.0,2.0,1.98,GREEN,0.2,0.8,0.0,Go now,0
MESSA_dinner_2026-09-26,2026-09-26 22:25:00,Roti/Sabzi,dinner,Saturday,0,3,1.0,1.0,0.5,2.0,1.0,1.0,1.03,0.53,6.04,2.0,2.0,2.05,GREEN,0.21,0.8,0.0,Go now,0
MESSA_dinner_2026-09-26,2026-09-26 22:30:00,Roti/Sabzi,dinner,Saturday,0,1,1.0,1.0,0.5,2.0,1.0,1.0,1.02,0.57,5.96,2.0,2.0,2.05,GREEN,0.2,0.8,0.0,Go now,0
MESSA_breakfast_2026-09-27,2026-09-27 08:05:00,Dosa,breakfast,Sunday,6,0,1.0,1.0,1.0,1.0,1.0,1.0,1.04,0.47,3.03,1.0,1.0,1.04,GREEN,0.99,2.0,0.0,Go now,0
MESSA_breakfast_2026-09-27,2026-09-27 08:10:00,Dosa,breakfast,Sunday,4,0,1.0,1.0,0.9,1.11,1.0,1.11,1.18,0.55,2.95,1.11,1.24,1.31,GREEN,1.12,2.2,0.0,Go now,0
MESSA_breakfast_2026-09-27,2026-09-27 08:15:00,Dosa,breakfast,Sunday,10,0,1.0,1.0,1.27,0.79,1.01,1.05,1.0,0.07,3.33,0.8,0.83,0.79,GREEN,1.07,2.1,0.0,Go now,0
MESSA_breakfast_2026-09-27,2026-09-27 08:20:00,Dosa,breakfast,Sunday,6,4,1.0,1.0,1.33,0.75,1.03,1.0,1.03,0.81,2.71,0.78,0.75,0.77,GREEN,1.13,2.3,0.0,Go now,0
MESSA_breakfast_2026-09-27,2026-09-27 08:25:00,Dosa,breakfast,Sunday,10,2,0.0,0.0,1.8,0.0,0.0,0.0,0.06,0.0,4.31,0.0,0.0,0.03,GREEN,2.58,5.2,0.0,Go now,0
MESSA_breakfast_2026-09-27,2026-09-27 08:30:00,Dosa,breakfast,Sunday,8,6,0.0,0.0,1.67,0.0,0.02,0.0,0.0,0.0,2.19,0.01,0.0,0.0,GREEN,3.2,6.4,0.0,Go now,0
MESSA_breakfast_2026-09-27,2026-09-27 08:35:00,Dosa,breakfast,Sunday,8,4,0.0,0.0,1.87,0.0,0.0,0.0,0.05,0.0,3.21,0.0,0.0,0.03,GREEN,3.97,7.9,0.0,Go now,0
MESSA_breakfast_2026-09-27,2026-09-27 08:40:00,Dosa,breakfast,Sunday,5,12,0.0,0.0,1.53,0.0,0.03,0.01,0.08,0.0,14.74,0.02,0.01,0.05,GREEN,4.06,8.1,0.0,Go now,0
MESSA_breakfast_2026-09-27,2026-09-27 08:45:00,Dosa,breakfast,Sunday,17,5,0.0,0.0,2.13,0.0,0.0,0.0,0.04,0.0,1.29,0.0,0.0,0.02,GREEN,4.27,8.5,0.0,Go now,0
MESSA_breakfast_2026-09-27,2026-09-27 08:50:00,Dosa,breakfast,Sunday,18,12,0.0,0.0,2.73,0.0,0.0,0.0,0.05,0.0,1.76,0.0,0.0,0.02,GREEN,4.17,8.3,0.0,Go now,0
MESSA_breakfast_2026-09-27,2026-09-27 08:55:00,Dosa,breakfast,Sunday,20,5,0.0,0.0,3.67,0.0,0.0,0.0,0.01,0.0,1.19,0.0,0.0,0.0,GREEN,4.74,9.5,0.0,Go now,0
MESSA_breakfast_2026-09-27,2026-09-27 09:00:00,Dosa,breakfast,Sunday,20,7,0.0,0.0,3.87,0.0,0.0,0.01,0.1,0.0,2.56,0.0,0.0,0.03,GREEN,5.06,10.1,0.0,Go now,0
MESSA_breakfast_2026-09-27,2026-09-27 09:05:00,Dosa,breakfast,Sunday,25,18,1.0,1.0,4.27,0.23,1.0,1.0,1.23,0.64,3.17,0.23,0.23,0.29,GREEN,6.16,12.3,0.0,Go now,0
MESSA_breakfast_2026-09-27,2026-09-27 09:10:00,Dosa,breakfast,Sunday,28,23,1.0,1.0,4.8,0.21,1.06,1.13,2.52,1.16,5.27,0.22,0.24,0.53,GREEN,7.13,14.3,0.0,Go now,0
MESSA_breakfast_2026-09-27,2026-09-27 09:15:00,Dosa,breakfast,Sunday,29,18,0.0,0.0,5.47,0.0,0.0,0.6,10.75,0.27,22.53,0.0,0.11,1.97,GREEN,9.14,18.3,0.0,Go now,0
MESSA_breakfast_2026-09-27,2026-09-27 09:20:00,Dosa,breakfast,Sunday,41,18,5.0,5.0,6.27,0.8,5.19,17.17,29.25,10.26,53.91,0.83,2.74,4.67,AMBER,11.54,23.1,84.0,Go now,0
MESSA_breakfast_2026-09-27,2026-09-27 09:25:00,Dosa,breakfast,Sunday,40,20,9.0,9.0,6.8,1.32,16.58,37.06,62.57,12.5,104.91,2.44,5.45,9.2,RED,16.06,32.1,136.0,Go now,0
MESSA_breakfast_2026-09-27,2026-09-27 09:30:00,Dosa,breakfast,Sunday,46,30,19.0,19.0,7.2,2.64,41.86,59.94,62.35,15.11,103.8,5.81,8.33,8.66,RED,15.61,31.2,117.0,Go now,0
MESSA_breakfast_2026-09-27,2026-09-27 09:35:00,Dosa,breakfast,Sunday,48,36,29.0,29.0,7.33,3.95,52.47,56.45,46.8,12.95,88.1,7.15,7.7,6.38,AMBER,15.47,30.9,111.0,Go now,0
MESSA_breakfast_2026-09-27,2026-09-27 09:40:00,Dosa,breakfast,Sunday,71,30,60.0,60.0,7.6,7.89,70.88,67.85,56.39,33.44,72.07,9.33,8.93,7.42,RED,17.38,34.8,129.0,Go now,0
MESSA_breakfast_2026-09-27,2026-09-27 09:45:00,Dosa,breakfast,Sunday,110,32,131.0,131.0,7.8,16.79,139.18,124.53,104.72,82.6,133.82,17.84,15.96,13.43,RED,30.49,61.0,291.0,Come in ~15 min,0
MESSA_breakfast_2026-09-27,2026-09-27 09:50:00,Dosa,breakfast,Sunday,76,46,168.0,168.0,7.87,21.36,168.55,152.91,138.95,92.77,167.27,21.43,19.44,17.66,RED,33.71,67.4,329.0,Come in ~15 min,0
MESSA_breakfast_2026-09-27,2026-09-27 09:55:00,Dosa,breakfast,Sunday,48,34,177.0,177.0,7.8,22.69,169.71,153.88,134.1,97.63,175.3,21.76,19.73,17.19,RED,33.94,67.9,335.0,Come in ~15 min,0
MESSA_breakfast_2026-09-27,2026-09-27 10:00:00,Dosa,breakfast,Sunday,42,36,183.0,183.0,7.6,24.08,170.54,161.61,141.43,107.05,180.73,22.44,21.26,18.61,RED,34.11,68.2,349.0,Come in ~15 min,0
MESSA_breakfast_2026-09-27,2026-09-27 10:05:00,Dosa,breakfast,Sunday,34,35,217.0,217.0,5.0,43.4,207.08,204.95,194.1,164.37,215.58,41.42,40.99,38.82,RED,41.42,82.8,728.0,Come in ~15 min,0
MESSA_breakfast_2026-09-27,2026-09-27 10:10:00,Dosa,breakfast,Sunday,39,46,220.0,220.0,4.8,45.83,209.64,203.95,189.76,157.33,219.03,43.67,42.49,39.53,RED,41.93,83.9,773.0,Come in ~15 min,0
MESSA_breakfast_2026-09-27,2026-09-27 10:15:00,Dosa,breakfast,Sunday,29,41,209.0,209.0,5.07,41.25,198.48,192.18,174.8,129.46,209.0,39.17,37.93,34.5,RED,39.7,79.4,683.0,Come in ~15 min,0
MESSA_breakfast_2026-09-27,2026-09-27 10:20:00,Dosa,breakfast,Sunday,0,39,170.0,170.0,7.67,22.17,157.51,149.81,131.87,79.05,170.03,20.54,19.54,17.2,RED,31.5,63.0,311.0,Come in ~15 min,0
MESSA_breakfast_2026-09-27,2026-09-27 10:25:00,Dosa,breakfast,Sunday,0,29,132.0,132.0,7.8,16.92,118.87,114.23,93.44,49.36,132.01,15.24,14.65,11.98,RED,23.77,47.5,205.0,Come in ~15 min,0
MESSA_breakfast_2026-09-27,2026-09-27 10:30:00,Dosa,breakfast,Sunday,0,43,96.0,96.0,7.53,12.74,86.06,81.3,77.68,42.83,96.02,11.42,10.79,10.31,RED,17.21,34.4,128.0,Come in ~15 min,0
MESSA_breakfast_2026-09-27,2026-09-27 10:35:00,Dosa,breakfast,Sunday,0,27,59.0,59.0,7.4,7.97,56.08,56.88,57.28,25.29,59.03,7.58,7.69,7.74,AMBER,11.46,22.9,55.0,Go now,0
MESSA_breakfast_2026-09-27,2026-09-27 10:40:00,Dosa,breakfast,Sunday,0,38,35.0,35.0,6.47,5.41,34.17,34.17,33.88,9.03,35.03,5.28,5.28,5.24,AMBER,6.83,13.7,6.0,Go now,0
MESSA_breakfast_2026-09-27,2026-09-27 10:45:00,Dosa,breakfast,Sunday,0,49,35.0,35.0,4.07,8.61,35.02,35.0,34.8,30.86,35.02,8.61,8.61,8.56,RED,7.0,14.0,72.0,Go now,0
MESSA_breakfast_2026-09-27,2026-09-27 10:50:00,Dosa,breakfast,Sunday,0,34,35.0,35.0,1.6,21.87,35.02,35.0,34.99,32.74,34.99,21.89,21.87,21.87,RED,7.0,14.0,338.0,Go now,0
MESSA_breakfast_2026-09-27,2026-09-27 10:55:00,Dosa,breakfast,Sunday,0,30,35.0,35.0,0.5,70.0,35.0,35.0,34.99,32.7,34.99,70.0,70.0,69.97,RED,7.0,14.0,1300.0,Go now,0
MESSA_breakfast_2026-09-27,2026-09-27 11:00:00,Dosa,breakfast,Sunday,0,21,35.0,35.0,0.5,70.0,35.0,35.0,34.98,32.61,34.98,70.0,70.0,69.97,RED,7.0,14.0,1300.0,Go now,0
MESSA_breakfast_2026-09-27,2026-09-27 11:05:00,Dosa,breakfast,Sunday,0,8,35.0,35.0,0.5,70.0,35.0,35.0,34.98,32.34,40.3,70.0,70.0,69.97,RED,7.0,14.0,1300.0,Go now,0
MESSA_lunch_2026-09-27,2026-09-27 12:20:00,Rice/Dal/Roti,lunch,Sunday,7,0,0.0,0.0,1.4,0.0,0.06,0.07,0.01,0.0,13.01,0.04,0.05,0.01,GREEN,4.19,16.8,0.0,Go now,0
MESSA_lunch_2026-09-27,2026-09-27 12:25:00,Rice/Dal/Roti,lunch,Sunday,15,0,0.0,0.0,2.3,0.0,0.0,0.04,0.0,0.0,4.93,0.0,0.02,0.0,GREEN,4.12,16.5,0.0,Go now,0
MESSA_lunch_2026-09-27,2026-09-27 12:30:00,Rice/Dal/Roti,lunch,Sunday,20,0,0.0,0.0,2.87,0.0,0.0,0.0,0.0,0.0,3.34,0.0,0.0,0.0,GREEN,4.22,16.9,0.0,Go now,0
MESSA_lunch_2026-09-27,2026-09-27 12:35:00,Rice/Dal/Roti,lunch,Sunday,25,0,0.0,0.0,4.07,0.0,0.01,0.0,0.0,0.0,5.73,0.0,0.0,0.0,GREEN,4.67,18.7,0.0,Go now,0
MESSA_lunch_2026-09-27,2026-09-27 12:40:00,Rice/Dal/Roti,lunch,Sunday,39,5,0.0,0.0,5.6,0.0,0.0,1.17,0.77,0.0,4.21,0.0,0.21,0.14,GREEN,5.14,20.6,0.0,Go now,0
MESSA_lunch_2026-09-27,2026-09-27 12:45:00,Rice/Dal/Roti,lunch,Sunday,43,15,5.0,5.0,6.8,0.74,2.63,4.13,5.57,0.87,12.15,0.39,0.61,0.82,GREEN,6.42,25.7,0.0,Go now,0
MESSA_lunch_2026-09-27,2026-09-27 12:50:00,Rice/Dal/Roti,lunch,Sunday,43,28,8.0,8.0,7.8,1.03,6.22,9.13,16.59,4.25,35.15,0.8,1.17,2.13,GREEN,8.12,32.5,0.0,Go now,0
MESSA_lunch_2026-09-27,2026-09-27 12:55:00,Rice/Dal/Roti,lunch,Sunday,47,24,11.0,11.0,8.13,1.35,9.84,19.38,26.19,5.7,69.04,1.21,2.38,3.22,AMBER,10.06,40.2,24.0,Go now,0
MESSA_lunch_2026-09-27,2026-09-27 13:00:00,Rice/Dal/Roti,lunch,Sunday,52,41,16.0,16.0,8.73,1.83,23.77,33.97,43.14,7.57,83.24,2.72,3.89,4.94,AMBER,11.44,45.8,31.0,Go now,0
MESSA_lunch_2026-09-27,2026-09-27 13:05:00,Rice/Dal/Roti,lunch,Sunday,45,35,19.0,19.0,8.87,2.14,30.45,38.1,31.4,6.89,55.35,3.43,4.3,3.54,AMBER,12.09,48.4,36.0,Go now,0
MESSA_lunch_2026-09-27,2026-09-27 13:10:00,Rice/Dal/Roti,lunch,Sunday,46,35,19.0,19.0,9.0,2.11,24.05,11.05,9.38,0.0,38.08,2.67,1.23,1.04,GREEN,11.97,47.9,0.0,Go now,0
MESSA_lunch_2026-09-27,2026-09-27 13:15:00,Rice/Dal/Roti,lunch,Sunday,59,48,32.0,32.0,8.93,3.58,27.68,18.6,11.5,11.5,33.66,3.1,2.08,1.29,AMBER,8.02,32.1,0.0,Come in ~15 min,0
MESSA_lunch_2026-09-27,2026-09-27 13:20:00,Rice/Dal/Roti,lunch,Sunday,36,36,21.0,21.0,9.27,2.27,16.44,8.44,7.86,3.49,28.07,1.77,0.91,0.85,GREEN,6.85,27.4,0.0,Go now,0
MESSA_lunch_2026-09-27,2026-09-27 13:25:00,Rice/Dal/Roti,lunch,Sunday,39,54,11.0,11.0,9.47,1.16,5.54,1.1,0.4,0.0,14.23,0.59,0.12,0.04,GREEN,6.93,27.7,0.0,Go now,0
MESSA_lunch_2026-09-27,2026-09-27 13:30:00,Rice/Dal/Roti,lunch,Sunday,42,47,5.0,5.0,9.6,0.52,3.5,0.74,1.13,0.0,9.93,0.37,0.08,0.12,GREEN,6.28,25.1,0.0,Go now,0
MESSA_lunch_2026-09-27,2026-09-27 13:35:00,Rice/Dal/Roti,lunch,Sunday,31,36,0.0,0.0,8.93,0.0,0.09,0.6,0.59,0.0,9.57,0.01,0.07,0.07,GREEN,7.01,28.0,0.0,Go now,0
MESSA_lunch_2026-09-27,2026-09-27 13:40:00,Rice/Dal/Roti,lunch,Sunday,36,53,0.0,0.0,8.07,0.0,0.09,0.42,0.71,0.0,14.11,0.01,0.05,0.09,GREEN,6.8,27.2,0.0,Go now,0
MESSA_lunch_2026-09-27,2026-09-27 13:45:00,Rice/Dal/Roti,lunch,Sunday,21,43,0.0,0.0,6.27,0.0,0.02,0.07,0.78,0.0,22.66,0.0,0.01,0.12,GREEN,7.33,29.3,0.0,Go now,0
MESSA_lunch_2026-09-27,2026-09-27 13:50:00,Rice/Dal/Roti,lunch,Sunday,38,43,0.0,0.0,6.33,0.0,0.05,0.42,3.58,0.13,18.2,0.01,0.07,0.57,GREEN,8.49,34.0,0.0,Go now,0
MESSA_lunch_2026-09-27,2026-09-27 13:55:00,Rice/Dal/Roti,lunch,Sunday,28,44,0.0,0.0,5.8,0.0,0.85,5.37,8.82,0.29,35.48,0.15,0.93,1.52,GREEN,9.73,38.9,0.0,Go now,0
MESSA_lunch_2026-09-27,2026-09-27 14:00:00,Rice/Dal/Roti,lunch,Sunday,31,34,0.0,0.0,6.47,0.0,2.47,8.46,12.24,0.75,37.06,0.38,1.31,1.89,GREEN,10.09,40.4,0.0,Go now,0
MESSA_lunch_2026-09-27,2026-09-27 14:05:00,Rice/Dal/Roti,lunch,Sunday,23,28,0.0,0.0,5.47,0.0,2.44,8.07,0.0,0.0,9.65,0.45,1.48,0.0,GREEN,10.08,40.3,0.0,Go now,0
MESSA_lunch_2026-09-27,2026-09-27 14:10:00,Rice/Dal/Roti,lunch,Sunday,30,36,1.0,1.0,5.53,0.18,4.06,1.21,0.0,0.0,6.43,0.73,0.22,0.0,GREEN,9.68,38.7,0.0,Go now,0
MESSA_lunch_2026-09-27,2026-09-27 14:15:00,Rice/Dal/Roti,lunch,Sunday,13,25,0.0,0.0,4.4,0.0,0.23,0.0,0.0,0.0,2.53,0.05,0.0,0.0,GREEN,0.05,0.2,0.0,Go now,0
MESSA_lunch_2026-09-27,2026-09-27 14:20:00,Rice/Dal/Roti,lunch,Sunday,27,27,0.0,0.0,4.67,0.0,0.08,1.25,0.98,0.0,0.98,0.02,0.27,0.21,GREEN,0.25,1.0,0.0,Go now,0
MESSA_lunch_2026-09-27,2026-09-27 14:25:00,Rice/Dal/Roti,lunch,Sunday,19,26,0.0,0.0,4.0,0.0,0.08,1.29,0.98,0.0,0.98,0.02,0.32,0.25,GREEN,0.26,1.0,0.0,Go now,0
MESSA_lunch_2026-09-27,2026-09-27 14:30:00,Rice/Dal/Roti,lunch,Sunday,11,30,0.0,0.0,3.8,0.0,0.6,1.81,1.03,0.0,1.03,0.16,0.48,0.27,GREEN,0.36,1.4,0.0,Go now,0
MESSA_lunch_2026-09-27,2026-09-27 14:35:00,Rice/Dal/Roti,lunch,Sunday,0,22,0.0,0.0,2.0,0.0,0.0,0.01,0.01,0.0,0.66,0.0,0.0,0.01,GREEN,0.0,0.0,0.0,Go now,0
MESSA_lunch_2026-09-27,2026-09-27 14:40:00,Rice/Dal/Roti,lunch,Sunday,0,20,0.0,0.0,0.73,0.0,0.0,0.06,0.0,0.0,4.91,0.0,0.09,0.0,GREEN,0.01,0.1,0.0,Go now,0
MESSA_lunch_2026-09-27,2026-09-27 14:45:00,Rice/Dal/Roti,lunch,Sunday,0,19,0.0,0.0,0.5,0.0,0.0,0.0,0.0,0.0,4.83,0.0,0.0,0.0,GREEN,0.0,0.0,0.0,Go now,0
MESSA_lunch_2026-09-27,2026-09-27 14:50:00,Rice/Dal/Roti,lunch,Sunday,0,10,0.0,0.0,0.5,0.0,0.0,0.02,0.0,0.0,4.62,0.0,0.03,0.0,GREEN,0.0,0.0,0.0,Go now,0
MESSA_lunch_2026-09-27,2026-09-27 14:55:00,Rice/Dal/Roti,lunch,Sunday,0,2,0.0,0.0,0.5,0.0,0.0,0.0,0.02,0.0,4.53,0.0,0.0,0.04,GREEN,0.0,0.0,0.0,Go now,0
MESSA_dinner_2026-09-27,2026-09-27 20:05:00,Roti/Sabzi,dinner,Sunday,16,0,0.0,0.0,3.2,0.0,0.01,0.01,0.01,0.0,0.29,0.0,0.0,0.0,GREEN,2.72,10.9,0.0,Go now,0
MESSA_dinner_2026-09-27,2026-09-27 20:10:00,Roti/Sabzi,dinner,Sunday,10,0,0.0,0.0,2.6,0.0,0.0,0.02,0.0,0.0,2.05,0.0,0.01,0.0,GREEN,2.04,8.2,0.0,Go now,0
MESSA_dinner_2026-09-27,2026-09-27 20:15:00,Roti/Sabzi,dinner,Sunday,27,0,0.0,0.0,3.6,0.0,0.0,0.0,0.32,0.0,0.32,0.0,0.0,0.09,GREEN,1.18,4.7,0.0,Go now,0
MESSA_dinner_2026-09-27,2026-09-27 20:20:00,Roti/Sabzi,dinner,Sunday,25,4,0.0,0.0,4.2,0.0,0.0,0.0,0.43,0.0,2.02,0.0,0.0,0.1,GREEN,3.02,12.1,0.0,Go now,0
MESSA_dinner_2026-09-27,2026-09-27 20:25:00,Roti/Sabzi,dinner,Sunday,27,12,0.0,0.0,5.33,0.0,0.0,0.0,0.32,0.0,4.65,0.0,0.0,0.06,GREEN,4.99,20.0,0.0,Go now,0
MESSA_dinner_2026-09-27,2026-09-27 20:30:00,Roti/Sabzi,dinner,Sunday,47,17,2.0,2.0,6.47,0.31,0.0,1.59,2.75,0.0,6.13,0.0,0.25,0.42,GREEN,6.67,26.7,0.0,Go now,0
MESSA_dinner_2026-09-27,2026-09-27 20:35:00,Roti/Sabzi,dinner,Sunday,69,23,15.0,15.0,8.53,1.76,9.14,3.52,1.64,0.0,24.32,1.07,0.41,0.19,GREEN,6.83,27.3,0.0,Go now,0
MESSA_dinner_2026-09-27,2026-09-27 20:40:00,Roti/Sabzi,dinner,Sunday,64,28,27.0,27.0,10.2,2.65,16.71,9.81,1.83,0.0,34.17,1.64,0.96,0.18,GREEN,6.1,24.4,0.0,Come in ~15 min,0
MESSA_dinner_2026-09-27,2026-09-27 20:45:00,Roti/Sabzi,dinner,Sunday,49,24,25.0,25.0,10.6,2.36,14.0,5.67,0.93,0.0,31.98,1.32,0.53,0.09,GREEN,6.67,26.7,0.0,Come in ~15 min,0
MESSA_dinner_2026-09-27,2026-09-27 20:50:00,Roti/Sabzi,dinner,Sunday,66,42,37.0,37.0,10.47,3.54,25.06,18.48,9.39,0.0,40.88,2.39,1.77,0.9,GREEN,6.98,27.9,0.0,Come in ~15 min,0
MESSA_dinner_2026-09-27,2026-09-27 20:55:00,Roti/Sabzi,dinner,Sunday,54,54,35.0,35.0,10.73,3.26,23.1,15.11,9.03,2.58,42.38,2.15,1.41,0.84,GREEN,6.87,27.5,0.0,Come in ~15 min,0
MESSA_dinner_2026-09-27,2026-09-27 21:00:00,Roti/Sabzi,dinner,Sunday,51,48,35.0,35.0,10.73,3.26,23.66,16.65,10.51,0.0,44.12,2.2,1.55,0.98,GREEN,6.93,27.7,0.0,Come in ~15 min,0
MESSA_dinner_2026-09-27,2026-09-27 21:05:00,Roti/Sabzi,dinner,Sunday,38,57,22.0,22.0,10.53,2.09,15.96,11.32,12.33,3.13,33.13,1.52,1.07,1.17,GREEN,7.15,28.6,0.0,Go now,0
MESSA_dinner_2026-09-27,2026-09-27 21:10:00,Roti/Sabzi,dinner,Sunday,51,48,21.0,21.0,10.27,2.05,13.23,10.14,10.07,3.88,31.03,1.29,0.99,0.98,GREEN,6.8,27.2,0.0,Go now,0
MESSA_dinner_2026-09-27,2026-09-27 21:15:00,Roti/Sabzi,dinner,Sunday,43,55,12.0,12.0,10.33,1.16,6.05,5.11,5.58,2.66,24.22,0.59,0.49,0.54,GREEN,6.0,24.0,0.0,Go now,0
MESSA_dinner_2026-09-27,2026-09-27 21:20:00,Roti/Sabzi,dinner,Sunday,34,56,0.0,0.0,10.0,0.0,0.0,0.93,0.0,0.0,12.98,0.0,0.09,0.0,GREEN,6.56,26.2,0.0,Go now,0
MESSA_dinner_2026-09-27,2026-09-27 21:25:00,Roti/Sabzi,dinner,Sunday,42,58,0.0,0.0,9.33,0.0,0.0,0.0,0.72,0.0,11.38,0.0,0.0,0.08,GREEN,6.88,27.5,0.0,Go now,0
MESSA_dinner_2026-09-27,2026-09-27 21:30:00,Roti/Sabzi,dinner,Sunday,39,50,0.0,0.0,8.47,0.0,0.02,0.89,1.1,0.0,17.51,0.0,0.11,0.13,GREEN,7.64,30.6,0.0,Go now,0
MESSA_dinner_2026-09-27,2026-09-27 21:35:00,Roti/Sabzi,dinner,Sunday,33,50,1.0,1.0,7.53,0.13,1.06,2.31,3.87,0.0,27.18,0.14,0.31,0.51,GREEN,8.76,35.0,0.0,Go now,0
MESSA_dinner_2026-09-27,2026-09-27 21:40:00,Roti/Sabzi,dinner,Sunday,21,46,0.0,0.0,6.2,0.0,0.34,4.62,1.6,0.0,34.95,0.05,0.74,0.26,GREEN,9.2,36.8,0.0,Go now,0
MESSA_dinner_2026-09-27,2026-09-27 21:45:00,Roti/Sabzi,dinner,Sunday,30,35,0.0,0.0,5.6,0.0,2.34,0.74,0.0,0.0,23.26,0.42,0.13,0.0,GREEN,9.57,38.3,0.0,Go now,0
MESSA_dinner_2026-09-27,2026-09-27 21:50:00,Roti/Sabzi,dinner,Sunday,25,38,0.0,0.0,5.13,0.0,0.41,0.21,0.67,0.0,23.58,0.08,0.04,0.13,GREEN,8.38,33.5,0.0,Go now,0
MESSA_dinner_2026-09-27,2026-09-27 21:55:00,Roti/Sabzi,dinner,Sunday,18,42,0.0,0.0,4.87,0.0,0.34,0.35,0.0,0.0,16.15,0.07,0.07,0.0,GREEN,8.28,33.1,0.0,Go now,0
MESSA_dinner_2026-09-27,2026-09-27 22:00:00,Roti/Sabzi,dinner,Sunday,12,21,0.0,0.0,3.67,0.0,0.53,0.0,0.0,0.0,12.25,0.14,0.0,0.0,GREEN,8.72,34.9,0.0,Go now,0
MESSA_dinner_2026-09-27,2026-09-27 22:05:00,Roti/Sabzi,dinner,Sunday,0,25,0.0,0.0,2.0,0.0,0.32,0.02,0.0,0.0,1.43,0.16,0.01,0.0,GREEN,7.27,29.1,0.0,Go now,0
MESSA_dinner_2026-09-27,2026-09-27 22:10:00,Roti/Sabzi,dinner,Sunday,0,23,0.0,0.0,0.8,0.0,0.25,0.0,0.0,0.0,7.29,0.31,0.0,0.0,GREEN,3.93,15.7,0.0,Go now,0
MESSA_dinner_2026-09-27,2026-09-27 22:15:00,Roti/Sabzi,dinner,Sunday,0,20,0.0,0.0,0.5,0.0,0.25,0.0,0.0,0.0,7.61,0.5,0.0,0.0,GREEN,0.05,0.2,0.0,Go now,0
MESSA_dinner_2026-09-27,2026-09-27 22:20:00,Roti/Sabzi,dinner,Sunday,0,12,0.0,0.0,0.5,0.0,0.0,0.0,0.0,0.0,5.04,0.0,0.0,0.0,GREEN,0.0,0.0,0.0,Go now,0
MESSA_dinner_2026-09-27,2026-09-27 22:25:00,Roti/Sabzi,dinner,Sunday,0,3,0.0,0.0,0.5,0.0,0.0,0.0,0.03,0.0,5.04,0.0,0.0,0.05,GREEN,0.01,0.0,0.0,Go now,0
