ts,event
2026-09-23 19:30:01,IN
2026-09-23 19:30:16,IN
2026-09-23 19:30:24,IN
2026-09-23 19:30:36,IN
2026-09-23 19:31:14,IN
2026-09-23 19:31:17,IN
2026-09-23 19:31:25,IN
2026-09-23 19:31:33,IN
2026-09-23 19:31:52,IN
2026-09-23 19:32:17,IN
2026-09-23 19:32:41,IN
2026-09-23 19:32:42,IN
2026-09-23 19:32:45,IN
2026-09-23 19:32:54,IN
2026-09-23 19:33:03,IN
2026-09-23 19:33:14,IN
2026-09-23 19:33:31,IN
2026-09-23 19:33:44,IN
2026-09-23 19:33:49,IN
2026-09-23 19:33:54,IN
2026-09-23 19:34:34,IN
2026-09-23 19:34:44,IN
2026-09-23 19:34:45,IN
2026-09-23 19:34:50,IN
2026-09-23 19:35:00,IN
2026-09-23 19:35:01,IN
2026-09-23 19:35:02,IN
2026-09-23 19:35:13,IN
2026-09-23 19:35:21,IN
2026-09-23 19:35:42,IN
2026-09-23 19:35:43,IN
2026-09-23 19:36:02,IN
2026-09-23 19:36:05,IN
2026-09-23 19:36:05,IN
2026-09-23 19:36:08,IN
2026-09-23 19:36:14,IN
2026-09-23 19:36:23,IN
2026-09-23 19:36:27,IN
2026-09-23 19:36:28,IN
2026-09-23 19:36:57,IN
2026-09-23 19:37:04,IN
2026-09-23 19:37:08,IN
2026-09-23 19:37:17,IN
2026-09-23 19:37:27,IN
2026-09-23 19:37:28,IN
2026-09-23 19:37:38,IN
2026-09-23 19:37:38,IN
2026-09-23 19:37:44,IN
2026-09-23 19:37:52,IN
2026-09-23 19:38:07,IN
2026-09-23 19:38:23,IN
2026-09-23 19:38:31,IN
2026-09-23 19:38:36,IN
2026-09-23 19:39:02,IN
2026-09-23 19:39:28,IN
2026-09-23 19:39:32,IN
2026-09-23 19:39:53,IN
2026-09-23 19:39:57,IN
2026-09-23 19:40:24,IN
2026-09-23 19:40:30,IN
2026-09-23 19:40:33,IN
2026-09-23 19:40:37,IN
2026-09-23 19:40:43,IN
2026-09-23 19:40:58,IN
2026-09-23 19:40:59,IN
2026-09-23 19:41:08,IN
2026-09-23 19:41:16,IN
2026-09-23 19:41:18,IN
2026-09-23 19:41:25,IN
2026-09-23 19:41:38,IN
2026-09-23 19:41:48,IN
2026-09-23 19:41:51,IN
2026-09-23 19:42:00,IN
2026-09-23 19:42:14,IN
2026-09-23 19:42:19,IN
2026-09-23 19:43:03,IN
2026-09-23 19:43:34,IN
2026-09-23 19:43:38,IN
2026-09-23 19:43:40,IN
2026-09-23 19:43:42,IN
2026-09-23 19:43:43,IN
2026-09-23 19:44:00,IN
2026-09-23 19:44:07,IN
2026-09-23 19:44:13,IN
2026-09-23 19:44:36,IN
2026-09-23 19:44:46,IN
2026-09-23 19:44:51,IN
2026-09-23 19:45:07,IN
2026-09-23 19:45:34,IN
2026-09-23 19:45:51,IN
2026-09-23 19:46:00,OUT
2026-09-23 19:46:17,IN
2026-09-23 19:46:23,IN
2026-09-23 19:46:26,IN
2026-09-23 19:46:30,IN
2026-09-23 19:46:31,IN
2026-09-23 19:46:39,IN
2026-09-23 19:47:00,OUT
2026-09-23 19:47:05,IN
2026-09-23 19:47:23,IN
2026-09-23 19:47:33,IN
2026-09-23 19:47:41,IN
2026-09-23 19:48:00,IN
2026-09-23 19:48:02,IN
2026-09-23 19:48:08,OUT
2026-09-23 19:48:10,OUT
2026-09-23 19:48:11,IN
2026-09-23 19:48:19,IN
2026-09-23 19:48:28,IN
2026-09-23 19:49:10,IN
2026-09-23 19:49:11,IN
2026-09-23 19:49:14,IN
2026-09-23 19:49:51,IN
2026-09-23 19:50:04,OUT
2026-09-23 19:50:16,OUT
2026-09-23 19:50:24,IN
2026-09-23 19:50:28,IN
2026-09-23 19:50:34,OUT
2026-09-23 19:50:42,OUT
2026-09-23 19:50:55,OUT
2026-09-23 19:51:01,IN
2026-09-23 19:51:24,OUT
2026-09-23 19:52:09,OUT
2026-09-23 19:52:19,IN
2026-09-23 19:52:21,IN
2026-09-23 19:52:24,OUT
2026-09-23 19:52:35,OUT
2026-09-23 19:53:14,OUT
2026-09-23 19:53:17,OUT
2026-09-23 19:53:19,IN
2026-09-23 19:53:31,IN
2026-09-23 19:53:47,OUT
2026-09-23 19:53:53,OUT
2026-09-23 19:53:59,IN
2026-09-23 19:54:09,OUT
2026-09-23 19:54:19,OUT
2026-09-23 19:54:36,OUT
2026-09-23 19:54:36,OUT
2026-09-23 19:54:45,IN
2026-09-23 19:54:51,IN
2026-09-23 19:54:58,OUT
2026-09-23 19:55:03,OUT
2026-09-23 19:55:12,OUT
2026-09-23 19:55:34,IN
2026-09-23 19:55:36,OUT
2026-09-23 19:55:36,OUT
2026-09-23 19:55:41,OUT
2026-09-23 19:55:52,OUT
2026-09-23 19:56:11,OUT
2026-09-23 19:56:34,OUT
2026-09-23 19:56:39,OUT
2026-09-23 19:56:39,OUT
2026-09-23 19:56:44,OUT
2026-09-23 19:56:52,OUT
2026-09-23 19:56:56,OUT
2026-09-23 19:57:02,OUT
2026-09-23 19:57:09,OUT
2026-09-23 19:57:19,OUT
2026-09-23 19:57:57,OUT
2026-09-23 19:58:14,OUT
2026-09-23 19:58:21,OUT
2026-09-23 19:58:33,OUT
2026-09-23 19:58:38,OUT
2026-09-23 19:58:39,OUT
2026-09-23 19:58:40,OUT
2026-09-23 19:59:03,IN
2026-09-23 19:59:06,OUT
2026-09-23 19:59:06,OUT
2026-09-23 19:59:08,OUT
2026-09-23 19:59:13,OUT
2026-09-23 19:59:18,IN
2026-09-23 19:59:21,OUT
2026-09-23 19:59:31,OUT
2026-09-23 19:59:34,IN
2026-09-23 19:59:37,OUT
2026-09-23 19:59:44,IN
2026-09-23 19:59:45,OUT
2026-09-23 19:59:54,IN
2026-09-23 19:59:58,IN
2026-09-23 20:00:02,IN
2026-09-23 20:00:05,IN
2026-09-23 20:00:16,OUT
2026-09-23 20:00:16,IN
2026-09-23 20:00:18,OUT
2026-09-23 20:00:25,IN
2026-09-23 20:00:25,IN
2026-09-23 20:00:42,OUT
2026-09-23 20:00:42,OUT
2026-09-23 20:00:43,OUT
2026-09-23 20:00:48,OUT
2026-09-23 20:00:49,OUT
2026-09-23 20:00:51,OUT
2026-09-23 20:00:54,OUT
2026-09-23 20:00:55,IN
2026-09-23 20:00:55,IN
2026-09-23 20:01:12,IN
2026-09-23 20:01:20,IN
2026-09-23 20:01:26,IN
2026-09-23 20:01:26,OUT
2026-09-23 20:01:27,IN
2026-09-23 20:01:33,IN
2026-09-23 20:01:39,OUT
2026-09-23 20:01:41,IN
2026-09-23 20:01:42,OUT
2026-09-23 20:01:49,OUT
2026-09-23 20:01:59,OUT
2026-09-23 20:02:01,IN
2026-09-23 20:02:01,OUT
2026-09-23 20:02:02,OUT
2026-09-23 20:02:07,IN
2026-09-23 20:02:09,IN
2026-09-23 20:02:09,IN
2026-09-23 20:02:13,IN
2026-09-23 20:02:16,IN
2026-09-23 20:02:21,OUT
2026-09-23 20:02:25,IN
2026-09-23 20:02:25,IN
2026-09-23 20:02:52,IN
2026-09-23 20:03:05,OUT
2026-09-23 20:03:05,OUT
2026-09-23 20:03:13,OUT
2026-09-23 20:03:20,IN
2026-09-23 20:03:24,IN
2026-09-23 20:03:27,IN
2026-09-23 20:03:27,IN
2026-09-23 20:03:39,IN
2026-09-23 20:03:41,IN
2026-09-23 20:03:44,IN
2026-09-23 20:03:56,IN
2026-09-23 20:03:56,IN
2026-09-23 20:04:01,OUT
2026-09-23 20:04:05,OUT
2026-09-23 20:04:07,OUT
2026-09-23 20:04:08,OUT
2026-09-23 20:04:08,OUT
2026-09-23 20:04:09,OUT
2026-09-23 20:04:12,IN
2026-09-23 20:04:14,OUT
2026-09-23 20:04:16,IN
2026-09-23 20:04:20,OUT
2026-09-23 20:04:24,OUT
2026-09-23 20:04:30,IN
2026-09-23 20:04:31,IN
2026-09-23 20:04:34,IN
2026-09-23 20:04:37,OUT
2026-09-23 20:04:48,IN
2026-09-23 20:04:51,IN
2026-09-23 20:05:21,IN
2026-09-23 20:05:31,OUT
2026-09-23 20:05:34,OUT
2026-09-23 20:05:35,IN
2026-09-23 20:05:36,IN
2026-09-23 20:05:37,IN
2026-09-23 20:05:45,IN
2026-09-23 20:05:51,OUT
2026-09-23 20:05:54,IN
2026-09-23 20:05:57,IN
2026-09-23 20:05:58,IN
2026-09-23 20:06:08,IN
2026-09-23 20:06:23,IN
2026-09-23 20:06:29,OUT
2026-09-23 20:06:32,IN
2026-09-23 20:06:40,OUT
2026-09-23 20:06:50,OUT
2026-09-23 20:06:58,OUT
2026-09-23 20:07:33,IN
2026-09-23 20:07:34,OUT
2026-09-23 20:07:43,IN
2026-09-23 20:07:43,OUT
2026-09-23 20:07:45,OUT
2026-09-23 20:07:48,OUT
2026-09-23 20:07:49,IN
2026-09-23 20:07:53,IN
2026-09-23 20:07:58,OUT
2026-09-23 20:08:02,IN
2026-09-23 20:08:06,IN
2026-09-23 20:08:08,IN
2026-09-23 20:08:13,OUT
2026-09-23 20:08:18,OUT
2026-09-23 20:08:22,IN
2026-09-23 20:08:22,IN
2026-09-23 20:08:27,IN
2026-09-23 20:08:31,OUT
2026-09-23 20:08:32,OUT
2026-09-23 20:08:37,IN
2026-09-23 20:08:41,OUT
2026-09-23 20:08:41,OUT
2026-09-23 20:08:43,OUT
2026-09-23 20:08:46,OUT
2026-09-23 20:08:49,IN
2026-09-23 20:08:55,OUT
2026-09-23 20:09:04,OUT
2026-09-23 20:09:06,IN
2026-09-23 20:09:10,IN
2026-09-23 20:09:18,IN
2026-09-23 20:09:21,IN
2026-09-23 20:09:25,OUT
2026-09-23 20:09:28,IN
2026-09-23 20:09:29,IN
2026-09-23 20:09:45,OUT
2026-09-23 20:09:53,IN
2026-09-23 20:10:08,OUT
2026-09-23 20:10:10,IN
2026-09-23 20:10:13,IN
2026-09-23 20:10:14,IN
2026-09-23 20:10:21,IN
2026-09-23 20:10:26,OUT
2026-09-23 20:10:28,OUT
2026-09-23 20:10:32,IN
2026-09-23 20:10:33,IN
2026-09-23 20:10:34,OUT
2026-09-23 20:10:35,IN
2026-09-23 20:10:36,IN
2026-09-23 20:10:45,OUT
2026-09-23 20:10:47,OUT
2026-09-23 20:10:57,IN
2026-09-23 20:10:59,OUT
2026-09-23 20:11:03,IN
2026-09-23 20:11:04,IN
2026-09-23 20:11:09,IN
2026-09-23 20:11:28,IN
2026-09-23 20:11:36,OUT
2026-09-23 20:11:36,IN
2026-09-23 20:11:45,IN
2026-09-23 20:11:49,IN
2026-09-23 20:11:52,IN
2026-09-23 20:12:03,IN
2026-09-23 20:12:09,IN
2026-09-23 20:12:09,IN
2026-09-23 20:12:16,IN
2026-09-23 20:12:19,IN
2026-09-23 20:12:25,IN
2026-09-23 20:12:33,IN
2026-09-23 20:12:49,IN
2026-09-23 20:12:50,IN
2026-09-23 20:12:51,IN
2026-09-23 20:12:52,IN
2026-09-23 20:12:55,IN
2026-09-23 20:13:00,IN
2026-09-23 20:13:02,IN
2026-09-23 20:13:12,IN
2026-09-23 20:13:22,IN
2026-09-23 20:13:47,IN
2026-09-23 20:13:47,OUT
2026-09-23 20:14:01,IN
2026-09-23 20:14:02,IN
2026-09-23 20:14:05,IN
2026-09-23 20:14:13,IN
2026-09-23 20:14:15,IN
2026-09-23 20:14:23,IN
2026-09-23 20:14:31,IN
2026-09-23 20:14:35,IN
2026-09-23 20:14:39,OUT
2026-09-23 20:14:41,IN
2026-09-23 20:14:46,IN
2026-09-23 20:14:49,IN
2026-09-23 20:14:51,IN
2026-09-23 20:14:53,OUT
2026-09-23 20:14:55,OUT
2026-09-23 20:14:58,IN
2026-09-23 20:15:19,IN
2026-09-23 20:15:30,OUT
2026-09-23 20:15:41,IN
2026-09-23 20:15:41,IN
2026-09-23 20:15:54,IN
2026-09-23 20:15:57,OUT
2026-09-23 20:16:12,OUT
2026-09-23 20:16:19,OUT
2026-09-23 20:16:21,IN
2026-09-23 20:16:34,IN
2026-09-23 20:16:35,OUT
2026-09-23 20:16:46,IN
2026-09-23 20:16:47,IN
2026-09-23 20:16:52,IN
2026-09-23 20:17:11,OUT
2026-09-23 20:17:14,IN
2026-09-23 20:17:20,IN
2026-09-23 20:17:29,IN
2026-09-23 20:17:33,IN
2026-09-23 20:17:36,IN
2026-09-23 20:17:37,IN
2026-09-23 20:17:43,OUT
2026-09-23 20:17:44,IN
2026-09-23 20:17:48,IN
2026-09-23 20:17:54,OUT
2026-09-23 20:18:07,IN
2026-09-23 20:18:07,IN
2026-09-23 20:18:08,OUT
2026-09-23 20:18:16,OUT
2026-09-23 20:18:24,IN
2026-09-23 20:18:41,OUT
2026-09-23 20:18:43,IN
2026-09-23 20:18:47,OUT
2026-09-23 20:18:59,OUT
2026-09-23 20:19:08,OUT
2026-09-23 20:19:14,OUT
2026-09-23 20:19:25,IN
2026-09-23 20:19:28,IN
2026-09-23 20:19:41,OUT
2026-09-23 20:19:45,OUT
2026-09-23 20:19:48,OUT
2026-09-23 20:19:58,OUT
2026-09-23 20:20:01,IN
2026-09-23 20:20:06,OUT
2026-09-23 20:20:06,IN
2026-09-23 20:20:13,IN
2026-09-23 20:20:22,OUT
2026-09-23 20:20:36,OUT
2026-09-23 20:20:40,OUT
2026-09-23 20:20:43,IN
2026-09-23 20:20:50,OUT
2026-09-23 20:20:51,IN
2026-09-23 20:20:55,OUT
2026-09-23 20:20:58,OUT
2026-09-23 20:21:00,IN
2026-09-23 20:21:07,IN
2026-09-23 20:21:09,IN
2026-09-23 20:21:09,OUT
2026-09-23 20:21:09,OUT
2026-09-23 20:21:12,IN
2026-09-23 20:21:14,OUT
2026-09-23 20:21:19,IN
2026-09-23 20:21:23,OUT
2026-09-23 20:21:43,IN
2026-09-23 20:21:53,OUT
2026-09-23 20:21:53,IN
2026-09-23 20:21:57,OUT
2026-09-23 20:22:02,IN
2026-09-23 20:22:06,IN
2026-09-23 20:22:26,OUT
2026-09-23 20:22:43,IN
2026-09-23 20:22:47,IN
2026-09-23 20:22:51,IN
2026-09-23 20:22:54,IN
2026-09-23 20:23:02,OUT
2026-09-23 20:23:08,OUT
2026-09-23 20:23:12,IN
2026-09-23 20:23:14,IN
2026-09-23 20:23:14,IN
2026-09-23 20:23:16,IN
2026-09-23 20:23:16,IN
2026-09-23 20:23:18,OUT
2026-09-23 20:23:32,IN
2026-09-23 20:23:39,IN
2026-09-23 20:23:41,IN
2026-09-23 20:23:47,OUT
2026-09-23 20:23:53,OUT
2026-09-23 20:23:56,IN
2026-09-23 20:24:01,IN
2026-09-23 20:24:06,OUT
2026-09-23 20:24:09,IN
2026-09-23 20:24:11,IN
2026-09-23 20:24:12,OUT
2026-09-23 20:24:24,OUT
2026-09-23 20:24:25,OUT
2026-09-23 20:24:30,IN
2026-09-23 20:24:34,OUT
2026-09-23 20:24:37,OUT
2026-09-23 20:24:43,IN
2026-09-23 20:24:44,OUT
2026-09-23 20:24:50,OUT
2026-09-23 20:25:07,IN
2026-09-23 20:25:08,OUT
2026-09-23 20:25:12,IN
2026-09-23 20:25:13,OUT
2026-09-23 20:25:15,IN
2026-09-23 20:25:18,OUT
2026-09-23 20:25:19,OUT
2026-09-23 20:25:27,OUT
2026-09-23 20:25:47,OUT
2026-09-23 20:25:50,IN
2026-09-23 20:25:52,IN
2026-09-23 20:25:54,OUT
2026-09-23 20:25:56,OUT
2026-09-23 20:25:56,OUT
2026-09-23 20:26:11,OUT
2026-09-23 20:26:16,IN
2026-09-23 20:26:29,IN
2026-09-23 20:26:31,IN
2026-09-23 20:26:34,OUT
2026-09-23 20:26:43,IN
2026-09-23 20:26:44,IN
2026-09-23 20:26:45,IN
2026-09-23 20:26:45,OUT
2026-09-23 20:26:46,IN
2026-09-23 20:26:50,IN
2026-09-23 20:26:59,OUT
2026-09-23 20:27:03,IN
2026-09-23 20:27:13,IN
2026-09-23 20:27:18,IN
2026-09-23 20:27:23,IN
2026-09-23 20:27:27,IN
2026-09-23 20:27:29,IN
2026-09-23 20:27:29,OUT
2026-09-23 20:27:30,IN
2026-09-23 20:27:37,IN
2026-09-23 20:27:40,IN
2026-09-23 20:27:40,OUT
2026-09-23 20:27:47,IN
2026-09-23 20:27:51,IN
2026-09-23 20:27:51,IN
2026-09-23 20:27:56,OUT
2026-09-23 20:28:00,OUT
2026-09-23 20:28:05,OUT
2026-09-23 20:28:06,IN
2026-09-23 20:28:08,OUT
2026-09-23 20:28:11,IN
2026-09-23 20:28:14,IN
2026-09-23 20:28:16,OUT
2026-09-23 20:28:16,OUT
2026-09-23 20:28:20,OUT
2026-09-23 20:28:21,OUT
2026-09-23 20:28:26,OUT
2026-09-23 20:28:39,IN
2026-09-23 20:28:47,IN
2026-09-23 20:28:57,IN
2026-09-23 20:28:59,IN
2026-09-23 20:29:05,IN
2026-09-23 20:29:16,OUT
2026-09-23 20:29:22,OUT
2026-09-23 20:29:26,IN
2026-09-23 20:29:38,OUT
2026-09-23 20:29:38,OUT
2026-09-23 20:29:38,IN
2026-09-23 20:29:47,OUT
2026-09-23 20:29:58,IN
2026-09-23 20:30:02,IN
2026-09-23 20:30:09,IN
2026-09-23 20:30:13,IN
2026-09-23 20:30:16,OUT
2026-09-23 20:30:25,OUT
2026-09-23 20:30:26,OUT
2026-09-23 20:30:32,IN
2026-09-23 20:30:43,IN
2026-09-23 20:30:48,OUT
2026-09-23 20:30:56,IN
2026-09-23 20:30:58,IN
2026-09-23 20:31:12,OUT
2026-09-23 20:31:14,OUT
2026-09-23 20:31:17,OUT
2026-09-23 20:31:21,IN
2026-09-23 20:31:22,IN
2026-09-23 20:31:23,IN
2026-09-23 20:31:25,OUT
2026-09-23 20:31:26,OUT
2026-09-23 20:31:26,IN
2026-09-23 20:31:34,IN
2026-09-23 20:31:43,OUT
2026-09-23 20:31:48,OUT
2026-09-23 20:31:55,OUT
2026-09-23 20:32:07,OUT
2026-09-23 20:32:21,OUT
2026-09-23 20:32:23,IN
2026-09-23 20:32:26,IN
2026-09-23 20:32:26,OUT
2026-09-23 20:32:29,IN
2026-09-23 20:32:33,IN
2026-09-23 20:32:38,IN
2026-09-23 20:32:39,OUT
2026-09-23 20:32:53,IN
2026-09-23 20:32:56,OUT
2026-09-23 20:32:57,IN
2026-09-23 20:33:11,OUT
2026-09-23 20:33:19,IN
2026-09-23 20:33:30,OUT
2026-09-23 20:33:30,OUT
2026-09-23 20:33:34,OUT
2026-09-23 20:33:38,IN
2026-09-23 20:33:39,IN
2026-09-23 20:33:43,IN
2026-09-23 20:33:44,OUT
2026-09-23 20:33:46,IN
2026-09-23 20:33:50,OUT
2026-09-23 20:33:54,OUT
2026-09-23 20:33:58,OUT
2026-09-23 20:34:05,OUT
2026-09-23 20:34:11,OUT
2026-09-23 20:34:12,OUT
2026-09-23 20:34:14,OUT
2026-09-23 20:34:16,OUT
2026-09-23 20:34:20,IN
2026-09-23 20:34:28,OUT
2026-09-23 20:34:30,IN
2026-09-23 20:34:33,IN
2026-09-23 20:34:38,IN
2026-09-23 20:34:38,OUT
2026-09-23 20:34:42,OUT
2026-09-23 20:34:43,OUT
2026-09-23 20:34:43,OUT
2026-09-23 20:34:44,OUT
2026-09-23 20:34:45,OUT
2026-09-23 20:34:45,IN
2026-09-23 20:34:55,IN
2026-09-23 20:34:59,OUT
2026-09-23 20:35:00,IN
2026-09-23 20:35:06,IN
2026-09-23 20:35:13,IN
2026-09-23 20:35:14,IN
2026-09-23 20:35:26,IN
2026-09-23 20:35:27,OUT
2026-09-23 20:35:38,OUT
2026-09-23 20:35:50,IN
2026-09-23 20:35:54,IN
2026-09-23 20:35:57,OUT
2026-09-23 20:36:02,OUT
2026-09-23 20:36:02,IN
2026-09-23 20:36:27,IN
2026-09-23 20:36:28,OUT
2026-09-23 20:36:28,OUT
2026-09-23 20:36:29,OUT
2026-09-23 20:36:36,OUT
2026-09-23 20:36:37,IN
2026-09-23 20:36:37,OUT
2026-09-23 20:36:44,IN
2026-09-23 20:37:03,OUT
2026-09-23 20:37:09,IN
2026-09-23 20:37:10,OUT
2026-09-23 20:37:12,IN
2026-09-23 20:37:14,OUT
2026-09-23 20:37:32,OUT
2026-09-23 20:37:39,OUT
2026-09-23 20:37:40,OUT
2026-09-23 20:37:43,IN
2026-09-23 20:37:46,OUT
2026-09-23 20:38:01,IN
2026-09-23 20:38:10,IN
2026-09-23 20:38:14,IN
2026-09-23 20:38:18,OUT
2026-09-23 20:38:20,IN
2026-09-23 20:38:23,OUT
2026-09-23 20:38:24,OUT
2026-09-23 20:38:27,OUT
2026-09-23 20:38:32,IN
2026-09-23 20:38:40,OUT
2026-09-23 20:38:53,IN
2026-09-23 20:38:57,OUT
2026-09-23 20:38:58,OUT
2026-09-23 20:39:01,OUT
2026-09-23 20:39:02,OUT
2026-09-23 20:39:04,IN
2026-09-23 20:39:05,IN
2026-09-23 20:39:16,IN
2026-09-23 20:39:16,OUT
2026-09-23 20:39:23,IN
2026-09-23 20:39:28,IN
2026-09-23 20:39:37,IN
2026-09-23 20:39:37,OUT
2026-09-23 20:39:44,IN
2026-09-23 20:39:45,IN
2026-09-23 20:39:52,IN
2026-09-23 20:39:55,IN
2026-09-23 20:39:57,IN
2026-09-23 20:39:58,OUT
2026-09-23 20:40:01,IN
2026-09-23 20:40:21,OUT
2026-09-23 20:40:21,OUT
2026-09-23 20:40:24,OUT
2026-09-23 20:40:24,OUT
2026-09-23 20:40:33,IN
2026-09-23 20:40:37,IN
2026-09-23 20:40:38,OUT
2026-09-23 20:40:52,IN
2026-09-23 20:40:57,IN
2026-09-23 20:41:15,IN
2026-09-23 20:41:17,OUT
2026-09-23 20:41:23,OUT
2026-09-23 20:41:24,OUT
2026-09-23 20:41:33,OUT
2026-09-23 20:41:37,IN
2026-09-23 20:41:39,IN
2026-09-23 20:41:40,IN
2026-09-23 20:41:47,OUT
2026-09-23 20:41:47,IN
2026-09-23 20:41:47,OUT
2026-09-23 20:41:50,IN
2026-09-23 20:41:51,OUT
2026-09-23 20:41:52,OUT
2026-09-23 20:41:56,IN
2026-09-23 20:42:02,OUT
2026-09-23 20:42:06,IN
2026-09-23 20:42:15,OUT
2026-09-23 20:42:17,OUT
2026-09-23 20:42:18,OUT
2026-09-23 20:42:27,IN
2026-09-23 20:42:27,IN
2026-09-23 20:42:30,OUT
2026-09-23 20:42:42,IN
2026-09-23 20:42:43,OUT
2026-09-23 20:42:45,IN
2026-09-23 20:42:45,IN
2026-09-23 20:42:47,OUT
2026-09-23 20:42:48,OUT
2026-09-23 20:42:48,OUT
2026-09-23 20:42:49,OUT
2026-09-23 20:42:51,OUT
2026-09-23 20:42:59,IN
2026-09-23 20:43:03,OUT
2026-09-23 20:43:07,OUT
2026-09-23 20:43:08,IN
2026-09-23 20:43:14,IN
2026-09-23 20:43:27,OUT
2026-09-23 20:43:28,OUT
2026-09-23 20:43:31,IN
2026-09-23 20:43:32,IN
2026-09-23 20:43:45,IN
2026-09-23 20:43:48,IN
2026-09-23 20:43:52,IN
2026-09-23 20:44:00,IN
2026-09-23 20:44:00,OUT
2026-09-23 20:44:02,IN
2026-09-23 20:44:09,IN
2026-09-23 20:44:09,IN
2026-09-23 20:44:12,OUT
2026-09-23 20:44:15,IN
2026-09-23 20:44:15,IN
2026-09-23 20:44:15,OUT
2026-09-23 20:44:15,OUT
2026-09-23 20:44:35,OUT
2026-09-23 20:44:38,IN
2026-09-23 20:44:39,IN
2026-09-23 20:44:40,OUT
2026-09-23 20:44:41,IN
2026-09-23 20:44:41,IN
2026-09-23 20:44:53,OUT
2026-09-23 20:44:58,IN
2026-09-23 20:45:07,OUT
2026-09-23 20:45:25,IN
2026-09-23 20:45:29,IN
2026-09-23 20:45:30,OUT
2026-09-23 20:45:41,OUT
2026-09-23 20:45:42,OUT
2026-09-23 20:45:46,IN
2026-09-23 20:45:50,OUT
2026-09-23 20:45:50,IN
2026-09-23 20:45:57,OUT
2026-09-23 20:46:04,OUT
2026-09-23 20:46:09,IN
2026-09-23 20:46:14,IN
2026-09-23 20:46:28,IN
2026-09-23 20:46:32,IN
2026-09-23 20:46:33,OUT
2026-09-23 20:46:47,OUT
2026-09-23 20:46:50,IN
2026-09-23 20:46:57,OUT
2026-09-23 20:47:01,OUT
2026-09-23 20:47:03,OUT
2026-09-23 20:47:12,IN
2026-09-23 20:47:13,IN
2026-09-23 20:47:16,OUT
2026-09-23 20:47:17,IN
2026-09-23 20:47:17,OUT
2026-09-23 20:47:22,OUT
2026-09-23 20:47:35,OUT
2026-09-23 20:47:39,IN
2026-09-23 20:47:40,IN
2026-09-23 20:47:40,OUT
2026-09-23 20:47:49,IN
2026-09-23 20:47:56,OUT
2026-09-23 20:48:05,IN
2026-09-23 20:48:13,IN
2026-09-23 20:48:13,OUT
2026-09-23 20:48:16,OUT
2026-09-23 20:48:20,OUT
2026-09-23 20:48:27,IN
2026-09-23 20:48:34,OUT
2026-09-23 20:48:37,OUT
2026-09-23 20:48:39,IN
2026-09-23 20:48:40,IN
2026-09-23 20:48:40,IN
2026-09-23 20:48:43,IN
2026-09-23 20:48:45,IN
2026-09-23 20:48:46,OUT
2026-09-23 20:48:47,OUT
2026-09-23 20:48:48,OUT
2026-09-23 20:48:51,OUT
2026-09-23 20:48:58,IN
2026-09-23 20:49:01,IN
2026-09-23 20:49:05,OUT
2026-09-23 20:49:08,IN
2026-09-23 20:49:09,IN
2026-09-23 20:49:15,OUT
2026-09-23 20:49:30,OUT
2026-09-23 20:49:31,IN
2026-09-23 20:49:32,OUT
2026-09-23 20:49:34,IN
2026-09-23 20:49:44,OUT
2026-09-23 20:49:48,IN
2026-09-23 20:49:50,IN
2026-09-23 20:49:53,IN
2026-09-23 20:49:55,IN
2026-09-23 20:49:56,IN
2026-09-23 20:49:56,OUT
2026-09-23 20:49:59,IN
2026-09-23 20:50:04,IN
2026-09-23 20:50:07,OUT
2026-09-23 20:50:07,IN
2026-09-23 20:50:18,OUT
2026-09-23 20:50:21,OUT
2026-09-23 20:50:23,IN
2026-09-23 20:50:26,IN
2026-09-23 20:50:29,IN
2026-09-23 20:50:29,IN
2026-09-23 20:50:29,OUT
2026-09-23 20:50:32,IN
2026-09-23 20:50:32,OUT
2026-09-23 20:50:43,IN
2026-09-23 20:50:53,OUT
2026-09-23 20:50:58,OUT
2026-09-23 20:51:03,OUT
2026-09-23 20:51:07,OUT
2026-09-23 20:51:10,OUT
2026-09-23 20:51:40,IN
2026-09-23 20:51:50,IN
2026-09-23 20:51:56,IN
2026-09-23 20:52:12,OUT
2026-09-23 20:52:27,OUT
2026-09-23 20:52:29,IN
2026-09-23 20:52:31,IN
2026-09-23 20:52:31,IN
2026-09-23 20:52:33,OUT
2026-09-23 20:52:36,OUT
2026-09-23 20:52:46,OUT
2026-09-23 20:52:55,IN
2026-09-23 20:52:56,IN
2026-09-23 20:52:56,OUT
2026-09-23 20:52:58,OUT
2026-09-23 20:53:21,OUT
2026-09-23 20:53:36,OUT
2026-09-23 20:53:36,OUT
2026-09-23 20:53:37,IN
2026-09-23 20:53:39,OUT
2026-09-23 20:53:41,OUT
2026-09-23 20:53:51,OUT
2026-09-23 20:53:59,OUT
2026-09-23 20:54:02,OUT
2026-09-23 20:54:14,IN
2026-09-23 20:54:22,OUT
2026-09-23 20:54:24,IN
2026-09-23 20:54:28,OUT
2026-09-23 20:54:32,OUT
2026-09-23 20:54:33,IN
2026-09-23 20:54:36,OUT
2026-09-23 20:54:44,IN
2026-09-23 20:54:48,IN
2026-09-23 20:54:51,IN
2026-09-23 20:54:56,OUT
2026-09-23 20:54:58,IN
2026-09-23 20:55:00,OUT
2026-09-23 20:55:03,OUT
2026-09-23 20:55:08,IN
2026-09-23 20:55:11,IN
2026-09-23 20:55:15,IN
2026-09-23 20:55:16,IN
2026-09-23 20:55:23,OUT
2026-09-23 20:55:28,OUT
2026-09-23 20:55:30,IN
2026-09-23 20:55:34,IN
2026-09-23 20:55:41,IN
2026-09-23 20:55:41,OUT
2026-09-23 20:55:44,OUT
2026-09-23 20:55:53,OUT
2026-09-23 20:55:53,IN
2026-09-23 20:55:56,IN
2026-09-23 20:56:17,IN
2026-09-23 20:56:19,OUT
2026-09-23 20:56:21,IN
2026-09-23 20:56:24,IN
2026-09-23 20:56:24,OUT
2026-09-23 20:56:28,OUT
2026-09-23 20:56:30,IN
2026-09-23 20:56:30,IN
2026-09-23 20:56:37,IN
2026-09-23 20:56:42,IN
2026-09-23 20:56:46,OUT
2026-09-23 20:56:48,OUT
2026-09-23 20:56:48,OUT
2026-09-23 20:56:55,IN
2026-09-23 20:56:58,IN
2026-09-23 20:57:00,IN
2026-09-23 20:57:07,OUT
2026-09-23 20:57:08,IN
2026-09-23 20:57:19,IN
2026-09-23 20:57:25,OUT
2026-09-23 20:57:29,IN
2026-09-23 20:57:31,IN
2026-09-23 20:57:41,OUT
2026-09-23 20:57:57,IN
2026-09-23 20:58:17,OUT
2026-09-23 20:58:27,IN
2026-09-23 20:58:33,OUT
2026-09-23 20:58:42,OUT
2026-09-23 20:58:44,OUT
2026-09-23 20:58:45,OUT
2026-09-23 20:58:48,OUT
2026-09-23 20:58:52,OUT
2026-09-23 20:58:59,IN
2026-09-23 20:59:00,OUT
2026-09-23 20:59:25,IN
2026-09-23 20:59:32,IN
2026-09-23 20:59:35,OUT
2026-09-23 20:59:35,IN
2026-09-23 20:59:39,OUT
2026-09-23 20:59:43,OUT
2026-09-23 20:59:43,IN
2026-09-23 20:59:48,OUT
2026-09-23 20:59:51,OUT
2026-09-23 20:59:54,OUT
2026-09-23 21:00:09,OUT
2026-09-23 21:00:09,IN
2026-09-23 21:00:12,IN
2026-09-23 21:00:14,OUT
2026-09-23 21:00:15,OUT
2026-09-23 21:00:22,OUT
2026-09-23 21:00:30,OUT
2026-09-23 21:00:34,OUT
2026-09-23 21:00:41,OUT
2026-09-23 21:00:44,IN
2026-09-23 21:00:45,IN
2026-09-23 21:00:53,IN
2026-09-23 21:01:02,OUT
2026-09-23 21:01:06,OUT
2026-09-23 21:01:07,IN
2026-09-23 21:01:07,OUT
2026-09-23 21:01:07,IN
2026-09-23 21:01:08,IN
2026-09-23 21:01:14,IN
2026-09-23 21:01:14,OUT
2026-09-23 21:01:22,IN
2026-09-23 21:01:24,OUT
2026-09-23 21:01:30,OUT
2026-09-23 21:01:41,OUT
2026-09-23 21:01:42,OUT
2026-09-23 21:01:48,IN
2026-09-23 21:01:49,OUT
2026-09-23 21:01:52,IN
2026-09-23 21:01:52,OUT
2026-09-23 21:01:55,IN
2026-09-23 21:01:55,IN
2026-09-23 21:01:56,IN
2026-09-23 21:02:10,IN
2026-09-23 21:02:11,IN
2026-09-23 21:02:13,IN
2026-09-23 21:02:16,IN
2026-09-23 21:02:17,OUT
2026-09-23 21:02:20,OUT
2026-09-23 21:02:22,OUT
2026-09-23 21:02:26,IN
2026-09-23 21:02:26,IN
2026-09-23 21:02:26,IN
2026-09-23 21:02:27,OUT
2026-09-23 21:02:28,OUT
2026-09-23 21:02:29,OUT
2026-09-23 21:02:32,OUT
2026-09-23 21:02:33,OUT
2026-09-23 21:02:38,OUT
2026-09-23 21:02:40,OUT
2026-09-23 21:02:40,IN
2026-09-23 21:02:43,OUT
2026-09-23 21:02:51,OUT
2026-09-23 21:02:58,IN
2026-09-23 21:03:01,OUT
2026-09-23 21:03:05,OUT
2026-09-23 21:03:14,IN
2026-09-23 21:03:27,OUT
2026-09-23 21:03:36,OUT
2026-09-23 21:03:37,OUT
2026-09-23 21:03:39,IN
2026-09-23 21:03:41,OUT
2026-09-23 21:03:55,IN
2026-09-23 21:04:10,OUT
2026-09-23 21:04:17,OUT
2026-09-23 21:04:18,IN
2026-09-23 21:04:30,OUT
2026-09-23 21:04:38,IN
2026-09-23 21:04:46,OUT
2026-09-23 21:05:13,OUT
2026-09-23 21:05:18,IN
2026-09-23 21:05:30,IN
2026-09-23 21:05:31,IN
2026-09-23 21:05:32,IN
2026-09-23 21:05:43,OUT
2026-09-23 21:05:45,OUT
2026-09-23 21:05:46,OUT
2026-09-23 21:05:48,OUT
2026-09-23 21:05:56,OUT
2026-09-23 21:05:56,IN
2026-09-23 21:05:59,OUT
2026-09-23 21:06:06,OUT
2026-09-23 21:06:09,OUT
2026-09-23 21:06:49,OUT
2026-09-23 21:06:51,OUT
2026-09-23 21:06:52,IN
2026-09-23 21:06:55,IN
2026-09-23 21:06:55,OUT
2026-09-23 21:06:58,IN
2026-09-23 21:07:00,IN
2026-09-23 21:07:08,OUT
2026-09-23 21:07:08,IN
2026-09-23 21:07:14,OUT
2026-09-23 21:07:14,IN
2026-09-23 21:07:16,IN
2026-09-23 21:07:19,IN
2026-09-23 21:07:21,IN
2026-09-23 21:07:29,IN
2026-09-23 21:07:33,OUT
2026-09-23 21:07:34,IN
2026-09-23 21:07:44,OUT
2026-09-23 21:07:48,OUT
2026-09-23 21:07:54,IN
2026-09-23 21:07:56,OUT
2026-09-23 21:07:57,OUT
2026-09-23 21:08:02,OUT
2026-09-23 21:08:07,OUT
2026-09-23 21:08:10,IN
2026-09-23 21:08:15,OUT
2026-09-23 21:08:18,IN
2026-09-23 21:08:22,IN
2026-09-23 21:08:26,OUT
2026-09-23 21:08:29,OUT
2026-09-23 21:08:39,IN
2026-09-23 21:08:41,OUT
2026-09-23 21:08:41,OUT
2026-09-23 21:08:41,OUT
2026-09-23 21:08:56,IN
2026-09-23 21:08:59,IN
2026-09-23 21:09:15,IN
2026-09-23 21:09:21,OUT
2026-09-23 21:09:21,OUT
2026-09-23 21:09:21,OUT
2026-09-23 21:09:25,OUT
2026-09-23 21:09:28,OUT
2026-09-23 21:09:30,OUT
2026-09-23 21:09:31,OUT
2026-09-23 21:09:34,OUT
2026-09-23 21:09:37,OUT
2026-09-23 21:09:42,OUT
2026-09-23 21:09:45,IN
2026-09-23 21:09:56,OUT
2026-09-23 21:10:02,IN
2026-09-23 21:10:07,IN
2026-09-23 21:10:11,IN
2026-09-23 21:10:11,IN
2026-09-23 21:10:24,OUT
2026-09-23 21:10:29,OUT
2026-09-23 21:10:36,IN
2026-09-23 21:10:36,IN
2026-09-23 21:10:39,OUT
2026-09-23 21:11:05,IN
2026-09-23 21:11:10,IN
2026-09-23 21:11:11,OUT
2026-09-23 21:11:12,OUT
2026-09-23 21:11:16,OUT
2026-09-23 21:11:17,IN
2026-09-23 21:11:18,IN
2026-09-23 21:11:19,IN
2026-09-23 21:11:22,IN
2026-09-23 21:11:26,IN
2026-09-23 21:11:33,OUT
2026-09-23 21:11:44,OUT
2026-09-23 21:11:49,IN
2026-09-23 21:11:51,IN
2026-09-23 21:11:52,OUT
2026-09-23 21:11:54,IN
2026-09-23 21:11:54,OUT
2026-09-23 21:11:56,IN
2026-09-23 21:12:00,OUT
2026-09-23 21:12:07,IN
2026-09-23 21:12:12,IN
2026-09-23 21:12:14,IN
2026-09-23 21:12:16,IN
2026-09-23 21:12:17,OUT
2026-09-23 21:12:19,IN
2026-09-23 21:12:39,IN
2026-09-23 21:12:50,OUT
2026-09-23 21:12:54,IN
2026-09-23 21:12:55,IN
2026-09-23 21:13:00,IN
2026-09-23 21:13:06,IN
2026-09-23 21:13:11,IN
2026-09-23 21:13:17,OUT
2026-09-23 21:13:21,OUT
2026-09-23 21:13:21,OUT
2026-09-23 21:13:25,IN
2026-09-23 21:13:38,OUT
2026-09-23 21:13:39,IN
2026-09-23 21:13:44,IN
2026-09-23 21:13:55,OUT
2026-09-23 21:14:03,IN
2026-09-23 21:14:12,OUT
2026-09-23 21:14:21,OUT
2026-09-23 21:14:23,OUT
2026-09-23 21:14:25,OUT
2026-09-23 21:14:26,IN
2026-09-23 21:14:33,OUT
2026-09-23 21:14:38,OUT
2026-09-23 21:14:42,IN
2026-09-23 21:14:42,OUT
2026-09-23 21:14:44,OUT
2026-09-23 21:14:54,IN
2026-09-23 21:14:56,IN
2026-09-23 21:15:00,OUT
2026-09-23 21:15:06,IN
2026-09-23 21:15:20,IN
2026-09-23 21:15:22,IN
2026-09-23 21:15:25,IN
2026-09-23 21:15:25,IN
2026-09-23 21:15:27,OUT
2026-09-23 21:15:36,OUT
2026-09-23 21:15:44,IN
2026-09-23 21:15:44,IN
2026-09-23 21:15:44,IN
2026-09-23 21:15:46,IN
2026-09-23 21:15:53,IN
2026-09-23 21:15:58,IN
2026-09-23 21:16:03,IN
2026-09-23 21:16:09,IN
2026-09-23 21:16:14,IN
2026-09-23 21:16:14,IN
2026-09-23 21:16:26,IN
2026-09-23 21:16:27,OUT
2026-09-23 21:16:28,IN
2026-09-23 21:16:29,IN
2026-09-23 21:16:30,IN
2026-09-23 21:16:31,OUT
2026-09-23 21:16:36,IN
2026-09-23 21:16:41,OUT
2026-09-23 21:16:45,IN
2026-09-23 21:16:51,IN
2026-09-23 21:16:55,IN
2026-09-23 21:16:58,IN
2026-09-23 21:17:04,OUT
2026-09-23 21:17:15,OUT
2026-09-23 21:17:17,OUT
2026-09-23 21:17:24,IN
2026-09-23 21:17:27,IN
2026-09-23 21:17:35,IN
2026-09-23 21:17:37,OUT
2026-09-23 21:17:40,OUT
2026-09-23 21:17:50,OUT
2026-09-23 21:17:54,OUT
2026-09-23 21:17:55,OUT
2026-09-23 21:17:59,IN
2026-09-23 21:18:15,OUT
2026-09-23 21:18:15,OUT
2026-09-23 21:18:31,OUT
2026-09-23 21:18:49,OUT
2026-09-23 21:19:00,IN
2026-09-23 21:19:12,OUT
2026-09-23 21:19:17,IN
2026-09-23 21:19:19,OUT
2026-09-23 21:19:23,IN
2026-09-23 21:19:23,IN
2026-09-23 21:19:24,IN
2026-09-23 21:19:33,OUT
2026-09-23 21:19:33,OUT
2026-09-23 21:19:35,IN
2026-09-23 21:19:41,IN
2026-09-23 21:19:43,OUT
2026-09-23 21:19:47,OUT
2026-09-23 21:19:49,IN
2026-09-23 21:19:59,IN
2026-09-23 21:20:06,OUT
2026-09-23 21:20:07,IN
2026-09-23 21:20:08,IN
2026-09-23 21:20:14,OUT
2026-09-23 21:20:16,IN
2026-09-23 21:20:16,OUT
2026-09-23 21:20:23,OUT
2026-09-23 21:20:30,OUT
2026-09-23 21:20:32,IN
2026-09-23 21:20:45,OUT
2026-09-23 21:20:46,IN
2026-09-23 21:20:46,OUT
2026-09-23 21:20:54,IN
2026-09-23 21:20:56,IN
2026-09-23 21:21:02,OUT
2026-09-23 21:21:07,IN
2026-09-23 21:21:08,IN
2026-09-23 21:21:11,IN
2026-09-23 21:21:14,OUT
2026-09-23 21:21:19,IN
2026-09-23 21:21:25,IN
2026-09-23 21:21:25,OUT
2026-09-23 21:21:39,OUT
2026-09-23 21:21:41,IN
2026-09-23 21:21:45,IN
2026-09-23 21:22:03,OUT
2026-09-23 21:22:16,OUT
2026-09-23 21:22:17,OUT
2026-09-23 21:22:19,IN
2026-09-23 21:22:22,OUT
2026-09-23 21:22:29,OUT
2026-09-23 21:22:29,IN
2026-09-23 21:22:31,IN
2026-09-23 21:22:34,IN
2026-09-23 21:22:40,IN
2026-09-23 21:22:41,OUT
2026-09-23 21:22:44,OUT
2026-09-23 21:22:45,IN
2026-09-23 21:22:46,OUT
2026-09-23 21:22:46,IN
2026-09-23 21:22:49,IN
2026-09-23 21:22:51,IN
2026-09-23 21:23:00,OUT
2026-09-23 21:23:01,IN
2026-09-23 21:23:03,OUT
2026-09-23 21:23:05,IN
2026-09-23 21:23:06,IN
2026-09-23 21:23:07,IN
2026-09-23 21:23:18,IN
2026-09-23 21:23:25,OUT
2026-09-23 21:23:32,IN
2026-09-23 21:23:44,OUT
2026-09-23 21:23:49,OUT
2026-09-23 21:23:55,IN
2026-09-23 21:23:59,OUT
2026-09-23 21:24:02,IN
2026-09-23 21:24:04,OUT
2026-09-23 21:24:05,IN
2026-09-23 21:24:10,OUT
2026-09-23 21:24:16,OUT
2026-09-23 21:24:26,IN
2026-09-23 21:24:30,OUT
2026-09-23 21:24:32,IN
2026-09-23 21:24:37,IN
2026-09-23 21:24:39,IN
2026-09-23 21:24:42,OUT
2026-09-23 21:24:47,OUT
2026-09-23 21:24:47,IN
2026-09-23 21:24:53,OUT
2026-09-23 21:24:56,IN
2026-09-23 21:25:08,IN
2026-09-23 21:25:08,IN
2026-09-23 21:25:13,OUT
2026-09-23 21:25:15,OUT
2026-09-23 21:25:17,IN
2026-09-23 21:25:22,IN
2026-09-23 21:25:24,IN
2026-09-23 21:25:32,IN
2026-09-23 21:25:35,IN
2026-09-23 21:25:46,OUT
2026-09-23 21:25:49,IN
2026-09-23 21:25:50,OUT
2026-09-23 21:25:54,OUT
2026-09-23 21:25:59,OUT
2026-09-23 21:26:00,OUT
2026-09-23 21:26:04,IN
2026-09-23 21:26:11,OUT
2026-09-23 21:26:14,OUT
2026-09-23 21:26:23,OUT
2026-09-23 21:26:26,IN
2026-09-23 21:26:33,OUT
2026-09-23 21:26:39,OUT
2026-09-23 21:26:50,OUT
2026-09-23 21:26:54,OUT
2026-09-23 21:26:59,IN
2026-09-23 21:27:02,IN
2026-09-23 21:27:08,IN
2026-09-23 21:27:10,OUT
2026-09-23 21:27:14,IN
2026-09-23 21:27:15,IN
2026-09-23 21:27:23,IN
2026-09-23 21:27:31,IN
2026-09-23 21:27:39,IN
2026-09-23 21:27:40,IN
2026-09-23 21:27:46,OUT
2026-09-23 21:27:49,IN
2026-09-23 21:28:00,IN
2026-09-23 21:28:13,IN
2026-09-23 21:28:19,OUT
2026-09-23 21:28:21,OUT
2026-09-23 21:28:30,IN
2026-09-23 21:28:42,IN
2026-09-23 21:28:47,OUT
2026-09-23 21:28:48,IN
2026-09-23 21:28:50,IN
2026-09-23 21:29:01,IN
2026-09-23 21:29:09,IN
2026-09-23 21:29:10,OUT
2026-09-23 21:29:12,IN
2026-09-23 21:29:19,IN
2026-09-23 21:29:19,IN
2026-09-23 21:29:26,IN
2026-09-23 21:29:31,OUT
2026-09-23 21:29:33,OUT
2026-09-23 21:29:35,OUT
2026-09-23 21:29:37,IN
2026-09-23 21:29:39,OUT
2026-09-23 21:29:44,IN
2026-09-23 21:29:57,OUT
2026-09-23 21:29:59,IN
2026-09-23 21:30:04,OUT
2026-09-23 21:30:06,OUT
2026-09-23 21:30:13,OUT
2026-09-23 21:30:25,IN
2026-09-23 21:30:26,IN
2026-09-23 21:30:30,OUT
2026-09-23 21:30:32,OUT
2026-09-23 21:30:34,IN
2026-09-23 21:30:34,IN
2026-09-23 21:30:35,OUT
2026-09-23 21:30:35,IN
2026-09-23 21:30:35,IN
2026-09-23 21:30:36,OUT
2026-09-23 21:30:43,OUT
2026-09-23 21:30:44,OUT
2026-09-23 21:30:45,OUT
2026-09-23 21:30:47,IN
2026-09-23 21:30:57,IN
2026-09-23 21:30:57,IN
2026-09-23 21:30:58,IN
2026-09-23 21:30:59,OUT
2026-09-23 21:30:59,OUT
2026-09-23 21:31:02,IN
2026-09-23 21:31:05,IN
2026-09-23 21:31:08,OUT
2026-09-23 21:31:21,IN
2026-09-23 21:31:21,OUT
2026-09-23 21:31:24,IN
2026-09-23 21:31:27,OUT
2026-09-23 21:31:30,IN
2026-09-23 21:31:41,OUT
2026-09-23 21:31:47,IN
2026-09-23 21:31:50,OUT
2026-09-23 21:31:53,IN
2026-09-23 21:31:58,OUT
2026-09-23 21:32:05,IN
2026-09-23 21:32:08,IN
2026-09-23 21:32:10,OUT
2026-09-23 21:32:11,IN
2026-09-23 21:32:12,IN
2026-09-23 21:32:15,IN
2026-09-23 21:32:29,IN
2026-09-23 21:32:38,OUT
2026-09-23 21:32:41,OUT
2026-09-23 21:32:46,OUT
2026-09-23 21:32:53,OUT
2026-09-23 21:32:57,OUT
2026-09-23 21:33:03,IN
2026-09-23 21:33:10,IN
2026-09-23 21:33:11,OUT
2026-09-23 21:33:11,IN
2026-09-23 21:33:20,IN
2026-09-23 21:33:23,OUT
2026-09-23 21:33:24,IN
2026-09-23 21:33:29,OUT
2026-09-23 21:33:45,OUT
2026-09-23 21:33:46,OUT
2026-09-23 21:33:53,IN
2026-09-23 21:33:53,IN
2026-09-23 21:33:59,IN
2026-09-23 21:34:07,IN
2026-09-23 21:34:09,IN
2026-09-23 21:34:09,IN
2026-09-23 21:34:19,OUT
2026-09-23 21:34:20,IN
2026-09-23 21:34:23,OUT
2026-09-23 21:34:23,IN
2026-09-23 21:34:26,IN
2026-09-23 21:34:30,OUT
2026-09-23 21:34:32,OUT
2026-09-23 21:34:34,IN
2026-09-23 21:34:37,OUT
2026-09-23 21:34:42,OUT
2026-09-23 21:34:45,OUT
2026-09-23 21:34:45,OUT
2026-09-23 21:34:49,IN
2026-09-23 21:34:51,OUT
2026-09-23 21:34:59,IN
2026-09-23 21:35:15,IN
2026-09-23 21:35:19,OUT
2026-09-23 21:35:25,IN
2026-09-23 21:35:28,OUT
2026-09-23 21:35:33,IN
2026-09-23 21:35:40,IN
2026-09-23 21:35:45,IN
2026-09-23 21:35:47,IN
2026-09-23 21:35:48,OUT
2026-09-23 21:35:51,IN
2026-09-23 21:35:55,OUT
2026-09-23 21:36:02,IN
2026-09-23 21:36:03,OUT
2026-09-23 21:36:10,OUT
2026-09-23 21:36:14,IN
2026-09-23 21:36:16,OUT
2026-09-23 21:36:20,IN
2026-09-23 21:36:21,IN
2026-09-23 21:36:24,IN
2026-09-23 21:36:26,IN
2026-09-23 21:36:27,IN
2026-09-23 21:36:27,OUT
2026-09-23 21:36:27,OUT
2026-09-23 21:36:29,OUT
2026-09-23 21:36:36,IN
2026-09-23 21:36:43,IN
2026-09-23 21:36:45,OUT
2026-09-23 21:36:45,OUT
2026-09-23 21:36:45,IN
2026-09-23 21:36:49,IN
2026-09-23 21:36:53,IN
2026-09-23 21:36:55,IN
2026-09-23 21:36:58,IN
2026-09-23 21:37:10,IN
2026-09-23 21:37:11,OUT
2026-09-23 21:37:18,OUT
2026-09-23 21:37:20,OUT
2026-09-23 21:37:27,OUT
2026-09-23 21:37:30,OUT
2026-09-23 21:37:33,IN
2026-09-23 21:37:35,IN
2026-09-23 21:37:36,OUT
2026-09-23 21:37:43,IN
2026-09-23 21:37:48,OUT
2026-09-23 21:37:53,OUT
2026-09-23 21:37:53,OUT
2026-09-23 21:37:54,IN
2026-09-23 21:37:54,OUT
2026-09-23 21:37:59,IN
2026-09-23 21:38:11,OUT
2026-09-23 21:38:18,IN
2026-09-23 21:38:33,IN
2026-09-23 21:38:36,OUT
2026-09-23 21:38:36,OUT
2026-09-23 21:38:45,OUT
2026-09-23 21:38:50,IN
2026-09-23 21:38:51,IN
2026-09-23 21:38:52,OUT
2026-09-23 21:38:57,IN
2026-09-23 21:39:02,OUT
2026-09-23 21:39:02,OUT
2026-09-23 21:39:12,OUT
2026-09-23 21:39:16,OUT
2026-09-23 21:39:18,IN
2026-09-23 21:39:24,OUT
2026-09-23 21:39:24,IN
2026-09-23 21:39:35,IN
2026-09-23 21:39:44,OUT
2026-09-23 21:39:55,OUT
2026-09-23 21:40:04,OUT
2026-09-23 21:40:11,OUT
2026-09-23 21:40:15,OUT
2026-09-23 21:40:33,OUT
2026-09-23 21:40:41,OUT
2026-09-23 21:40:46,IN
2026-09-23 21:40:47,OUT
2026-09-23 21:40:52,IN
2026-09-23 21:40:53,OUT
2026-09-23 21:40:53,OUT
2026-09-23 21:40:56,OUT
2026-09-23 21:41:00,OUT
2026-09-23 21:41:02,OUT
2026-09-23 21:41:07,IN
2026-09-23 21:41:08,IN
2026-09-23 21:41:11,OUT
2026-09-23 21:41:18,OUT
2026-09-23 21:41:25,OUT
2026-09-23 21:41:25,OUT
2026-09-23 21:41:31,OUT
2026-09-23 21:41:33,IN
2026-09-23 21:41:35,IN
2026-09-23 21:41:41,OUT
2026-09-23 21:42:00,IN
2026-09-23 21:42:04,IN
2026-09-23 21:42:05,IN
2026-09-23 21:42:13,OUT
2026-09-23 21:42:14,OUT
2026-09-23 21:42:15,OUT
2026-09-23 21:42:25,IN
2026-09-23 21:42:38,OUT
2026-09-23 21:42:43,OUT
2026-09-23 21:42:48,OUT
2026-09-23 21:42:52,OUT
2026-09-23 21:43:01,IN
2026-09-23 21:43:05,OUT
2026-09-23 21:43:09,OUT
2026-09-23 21:43:12,OUT
2026-09-23 21:43:13,IN
2026-09-23 21:43:17,OUT
2026-09-23 21:43:47,IN
2026-09-23 21:44:11,OUT
2026-09-23 21:44:11,OUT
2026-09-23 21:44:18,OUT
2026-09-23 21:44:22,OUT
2026-09-23 21:44:25,OUT
2026-09-23 21:44:34,OUT
2026-09-23 21:44:37,OUT
2026-09-23 21:44:37,IN
2026-09-23 21:44:39,IN
2026-09-23 21:44:43,OUT
2026-09-23 21:44:52,OUT
2026-09-23 21:45:01,OUT
2026-09-23 21:45:03,OUT
2026-09-23 21:45:08,OUT
2026-09-23 21:45:27,OUT
2026-09-23 21:45:27,OUT
2026-09-23 21:45:50,OUT
2026-09-23 21:45:52,OUT
2026-09-23 21:45:55,OUT
2026-09-23 21:45:57,OUT
2026-09-23 21:46:17,OUT
2026-09-23 21:46:20,OUT
2026-09-23 21:46:27,OUT
2026-09-23 21:46:29,OUT
2026-09-23 21:46:37,OUT
2026-09-23 21:46:43,OUT
2026-09-23 21:46:43,OUT
2026-09-23 21:46:45,OUT
2026-09-23 21:47:10,OUT
2026-09-23 21:47:15,OUT
2026-09-23 21:47:17,OUT
2026-09-23 21:47:18,OUT
2026-09-23 21:47:19,OUT
2026-09-23 21:47:25,OUT
2026-09-23 21:47:34,OUT
2026-09-23 21:47:35,OUT
2026-09-23 21:47:42,OUT
2026-09-23 21:47:48,OUT
2026-09-23 21:47:51,OUT
2026-09-23 21:47:52,OUT
2026-09-23 21:47:52,OUT
2026-09-23 21:47:59,OUT
2026-09-23 21:48:13,OUT
2026-09-23 21:48:18,OUT
2026-09-23 21:48:27,OUT
2026-09-23 21:48:34,OUT
2026-09-23 21:48:37,OUT
2026-09-23 21:49:05,OUT
2026-09-23 21:49:23,OUT
2026-09-23 21:49:25,OUT
2026-09-23 21:49:27,OUT
2026-09-23 21:49:42,OUT
2026-09-23 21:49:47,OUT
2026-09-23 21:50:02,OUT
2026-09-23 21:50:02,OUT
2026-09-23 21:50:17,OUT
2026-09-23 21:50:21,OUT
2026-09-23 21:50:27,OUT
2026-09-23 21:50:36,OUT
2026-09-23 21:50:37,OUT
2026-09-23 21:50:38,OUT
2026-09-23 21:50:44,OUT
2026-09-23 21:50:46,OUT
2026-09-23 21:50:47,OUT
2026-09-23 21:50:47,OUT
2026-09-23 21:51:00,OUT
2026-09-23 21:51:03,OUT
2026-09-23 21:51:04,OUT
2026-09-23 21:51:05,OUT
2026-09-23 21:51:08,OUT
2026-09-23 21:51:13,OUT
2026-09-23 21:51:20,OUT
2026-09-23 21:51:24,OUT
2026-09-23 21:51:27,OUT
2026-09-23 21:51:33,OUT
2026-09-23 21:51:40,OUT
2026-09-23 21:52:08,OUT
2026-09-23 21:52:16,OUT
2026-09-23 21:52:29,OUT
2026-09-23 21:52:40,OUT
2026-09-23 21:52:41,OUT
2026-09-23 21:52:44,OUT
2026-09-23 21:52:55,OUT
2026-09-23 21:52:57,OUT
2026-09-23 21:53:00,OUT
2026-09-23 21:53:14,OUT
2026-09-23 21:53:31,OUT
2026-09-23 21:53:52,OUT
2026-09-23 21:54:03,OUT
2026-09-23 21:54:08,OUT
2026-09-23 21:54:27,OUT
2026-09-23 21:54:33,OUT
2026-09-23 21:54:47,OUT
2026-09-23 21:54:56,OUT
2026-09-23 21:54:59,OUT
2026-09-23 21:55:00,OUT
2026-09-23 21:55:15,OUT
2026-09-23 21:55:16,OUT
2026-09-23 21:55:35,OUT
2026-09-23 21:55:51,OUT
2026-09-23 21:55:56,OUT
2026-09-23 21:56:13,OUT
2026-09-23 21:56:30,OUT
2026-09-23 21:56:31,OUT
2026-09-23 21:57:10,OUT
2026-09-23 21:57:16,OUT
2026-09-23 21:57:33,OUT
2026-09-23 21:57:36,OUT
2026-09-23 21:57:39,OUT
2026-09-23 21:57:43,OUT
2026-09-23 21:57:47,OUT
2026-09-23 21:57:49,OUT
2026-09-23 21:58:01,OUT
2026-09-23 21:58:18,OUT
2026-09-23 21:58:29,OUT
2026-09-23 21:58:38,OUT
2026-09-23 21:59:54,OUT
2026-09-23 22:00:07,OUT
2026-09-23 22:00:57,OUT
2026-09-23 22:01:13,OUT
2026-09-23 22:01:24,OUT
2026-09-23 22:01:26,OUT
2026-09-23 22:01:29,OUT
2026-09-23 22:01:54,OUT
2026-09-23 22:02:08,OUT
2026-09-23 22:02:15,OUT
2026-09-23 22:02:38,OUT
2026-09-23 22:03:02,OUT
2026-09-23 22:03:06,OUT
2026-09-23 22:03:32,OUT
2026-09-23 22:03:42,OUT
2026-09-23 22:03:42,OUT
2026-09-23 22:04:36,OUT
2026-09-23 22:05:02,OUT
2026-09-23 22:05:42,OUT
2026-09-23 22:06:14,OUT
2026-09-23 22:06:49,OUT
2026-09-23 22:07:07,OUT
2026-09-23 22:07:48,OUT
