tag,join_ts,served_ts
S01,2026-09-17 19:33:31,2026-09-17 19:33:58
S02,2026-09-17 19:47:11,2026-09-17 19:47:28
S03,2026-09-17 19:54:05,2026-09-17 19:54:48
S04,2026-09-17 20:01:15,2026-09-17 20:01:53
S05,2026-09-17 20:08:42,2026-09-17 20:08:55
S06,2026-09-17 20:15:21,2026-09-17 20:15:54
S07,2026-09-17 20:22:42,2026-09-17 20:22:57
S08,2026-09-17 20:29:38,2026-09-17 20:29:43
S09,2026-09-17 20:36:29,2026-09-17 20:36:51
S10,2026-09-17 20:43:41,2026-09-17 20:43:55
S11,2026-09-17 20:50:49,2026-09-17 20:50:57
S12,2026-09-17 20:57:01,2026-09-17 20:57:55
S13,2026-09-17 21:04:33,2026-09-17 21:04:54
S14,2026-09-17 21:11:03,2026-09-17 21:14:24
S15,2026-09-17 21:18:16,2026-09-17 21:21:42
S16,2026-09-17 21:25:43,2026-09-17 21:26:32
S17,2026-09-17 21:32:30,2026-09-17 21:33:02
S18,2026-09-17 21:39:18,2026-09-17 21:39:26
