session_id,day,meal,time_slot,people_in,people_out,cumulative_in,cumulative_out,queue_total,avg_queue_per_counter,longest_counter_queue,sitting,main_dish,items_made_5min,serving_rate_items_per_min,serving_rate_people_per_min,formula_estimate_per_counter,is_synthetic
SYN_dinner_2026-09-25,Friday,dinner,19:30-19:35,32,0,32,0,3.0,1.0,1.0,29.0,Paneer + Roti (special),116.0,23.2,5.8,1.0,1
SYN_dinner_2026-09-25,Friday,dinner,19:35-19:40,38,0,70,0,4.0,1.3,2.0,66.0,Paneer + Roti (special),149.0,29.8,7.4,0.2,1
SYN_dinner_2026-09-25,Friday,dinner,19:40-19:45,31,2,101,2,0.0,0.0,0.0,99.0,Paneer + Roti (special),140.0,28.0,7.0,0.0,1
SYN_dinner_2026-09-25,Friday,dinner,19:45-19:50,16,9,117,11,0.0,0.0,0.0,106.0,Paneer + Roti (special),63.0,12.6,3.2,0.1,1
SYN_dinner_2026-09-25,Friday,dinner,19:50-19:55,7,22,124,33,0.0,0.0,0.0,91.0,Paneer + Roti (special),29.0,5.8,1.4,0.0,1
SYN_dinner_2026-09-25,Friday,dinner,19:55-20:00,5,31,129,64,0.0,0.0,0.0,65.0,Paneer + Roti (special),18.0,3.6,0.9,0.2,1
SYN_dinner_2026-09-25,Friday,dinner,20:00-20:05,30,30,159,94,0.0,0.0,0.0,65.0,Paneer + Roti (special),120.0,24.0,6.0,0.0,1
SYN_dinner_2026-09-25,Friday,dinner,20:05-20:10,35,20,194,114,6.0,2.0,2.0,74.0,Paneer + Roti (special),130.0,26.0,6.5,0.8,1
SYN_dinner_2026-09-25,Friday,dinner,20:10-20:15,27,11,221,125,3.0,1.0,1.0,93.0,Paneer + Roti (special),109.0,21.8,5.4,0.0,1
SYN_dinner_2026-09-25,Friday,dinner,20:15-20:20,36,15,257,140,7.0,2.3,3.0,110.0,Paneer + Roti (special),134.0,26.8,6.7,0.8,1
SYN_dinner_2026-09-25,Friday,dinner,20:20-20:25,39,18,296,158,11.0,3.7,5.0,127.0,Paneer + Roti (special),138.0,27.6,6.9,1.5,1
SYN_dinner_2026-09-25,Friday,dinner,20:25-20:30,36,34,332,192,13.0,4.3,5.0,127.0,Paneer + Roti (special),138.0,27.6,6.9,0.5,1
SYN_dinner_2026-09-25,Friday,dinner,20:30-20:35,40,23,372,215,17.0,5.7,8.0,140.0,Paneer + Roti (special),140.0,28.0,7.0,1.7,1
SYN_dinner_2026-09-25,Friday,dinner,20:35-20:40,30,37,402,252,12.0,4.0,5.0,138.0,Paneer + Roti (special),141.0,28.2,7.0,0.0,1
SYN_dinner_2026-09-25,Friday,dinner,20:40-20:45,41,34,443,286,,,,,Paneer + Roti (special),143.0,28.6,7.2,1.8,1
SYN_dinner_2026-09-25,Friday,dinner,20:45-20:50,30,27,473,313,11.0,3.7,4.0,149.0,Paneer + Roti (special),146.0,29.2,7.3,0.0,1
SYN_dinner_2026-09-25,Friday,dinner,20:50-20:55,21,32,494,345,0.0,0.0,0.0,149.0,Paneer + Roti (special),127.0,25.4,6.4,0.0,1
SYN_dinner_2026-09-25,Friday,dinner,20:55-21:00,29,42,523,387,0.0,0.0,0.0,136.0,Paneer + Roti (special),117.0,23.4,5.8,0.0,1
SYN_dinner_2026-09-25,Friday,dinner,21:00-21:05,34,32,557,419,8.0,2.7,4.0,130.0,Paneer + Roti (special),114.0,22.8,5.7,1.8,1
SYN_dinner_2026-09-25,Friday,dinner,21:05-21:10,44,48,601,467,13.0,4.3,5.0,121.0,Paneer + Roti (special),143.0,28.6,7.2,2.8,1
SYN_dinner_2026-09-25,Friday,dinner,21:10-21:15,59,29,660,496,34.0,11.3,17.0,130.0,Paneer + Roti (special),143.0,28.6,7.2,7.8,1
SYN_dinner_2026-09-25,Friday,dinner,21:15-21:20,41,31,701,527,39.0,13.0,18.0,135.0,Paneer + Roti (special),153.0,30.6,7.6,0.9,1
SYN_dinner_2026-09-25,Friday,dinner,21:20-21:25,49,29,750,556,55.0,18.3,24.0,139.0,Paneer + Roti (special),143.0,28.6,7.2,4.4,1
SYN_dinner_2026-09-25,Friday,dinner,21:25-21:30,58,32,808,588,74.0,24.7,33.0,146.0,Paneer + Roti (special),141.0,28.2,7.0,7.6,1
SYN_dinner_2026-09-25,Friday,dinner,21:30-21:35,37,37,845,625,77.0,25.7,36.0,143.0,Paneer + Roti (special),148.0,29.6,7.4,0.0,1
SYN_dinner_2026-09-25,Friday,dinner,21:35-21:40,40,38,885,663,82.0,27.3,39.0,140.0,Paneer + Roti (special),141.0,28.2,7.0,1.6,1
SYN_dinner_2026-09-25,Friday,dinner,21:40-21:45,27,42,912,705,71.0,23.7,27.0,136.0,Paneer + Roti (special),139.0,27.8,7.0,0.0,1
SYN_dinner_2026-09-25,Friday,dinner,21:45-21:50,0,34,912,739,38.0,12.7,20.0,135.0,Paneer + Roti (special),143.0,28.6,7.2,0.0,1
SYN_dinner_2026-09-25,Friday,dinner,21:50-21:55,0,34,912,773,3.0,1.0,1.0,136.0,Paneer + Roti (special),139.0,27.8,7.0,0.0,1
SYN_dinner_2026-09-25,Friday,dinner,21:55-22:00,0,40,912,813,0.0,0.0,0.0,99.0,Paneer + Roti (special),3.0,0.6,0.2,0.0,1
SYN_dinner_2026-09-25,Friday,dinner,22:00-22:05,0,29,912,842,0.0,0.0,0.0,70.0,Paneer + Roti (special),0.0,0.0,0.0,0.0,1
SYN_dinner_2026-09-25,Friday,dinner,22:05-22:10,0,36,912,878,0.0,0.0,0.0,34.0,Paneer + Roti (special),0.0,0.0,0.0,0.0,1
SYN_dinner_2026-09-25,Friday,dinner,22:10-22:15,0,26,912,904,0.0,0.0,0.0,8.0,Paneer + Roti (special),0.0,0.0,0.0,0.0,1
SYN_dinner_2026-09-25,Friday,dinner,22:15-22:20,0,6,912,910,0.0,0.0,0.0,2.0,Paneer + Roti (special),0.0,0.0,0.0,0.0,1
SYN_dinner_2026-09-25,Friday,dinner,22:20-22:25,0,2,912,912,0.0,0.0,0.0,0.0,Paneer + Roti (special),0.0,0.0,0.0,0.0,1
